time,local_date,pm10_x,pm25_x,no2_x,o3,so2,co_conc,nmvoc,no,pm10_y,pm25_y,no2_y
5,2023-10-02T05:00:00,23.622807,15.370908,29.520578,19.626213,6.461164,352.3566,33.29426,2.9166217,20.4,13.16,13.5
6,2023-10-02T06:00:00,24.718256,16.678854,37.035755,11.28501,7.758445,377.77298,44.041084,6.537874,20.9,13.16,13.5
7,2023-10-02T07:00:00,29.981192,17.207924,38.04267,9.972247,9.958854,429.0662,49.049583,14.291367,20.9,13.16,19.0
8,2023-10-02T08:00:00,31.512054,19.155565,37.01449,11.625385,10.980898,410.5986,47.699738,15.690773,20.9,14.57,29.0
9,2023-10-02T09:00:00,34.584785,21.074146,33.244488,19.322392,11.0157995,393.24368,50.44313,16.272726,24.9,15.04,47.5
10,2023-10-02T10:00:00,35.851643,20.429493,31.714369,28.737822,10.67572,373.75632,49.805252,12.50103,28.9,15.51,54.5
11,2023-10-02T11:00:00,29.140392,18.365574,25.711777,46.491623,7.580198,355.9706,43.66811,10.281801,41.4,18.8,56.5
12,2023-10-02T12:00:00,26.324406,16.22667,24.810936,55.22728,5.82083,346.66092,33.828674,7.2150664,42.9,18.8,49.0
13,2023-10-02T13:00:00,27.350698,15.973187,20.54022,65.42508,5.4573164,349.02426,34.985706,4.582105,34.9,17.86,37.0
14,2023-10-02T14:00:00,28.090818,17.39233,21.335007,75.84747,4.768367,327.12613,35.900482,3.8386712,37.9,19.74,32.0
15,2023-10-02T15:00:00,26.923458,18.030273,22.979797,79.76759,7.2837734,329.47705,36.45221,3.7482839,33.4,17.39,29.0
16,2023-10-02T16:00:00,27.377617,18.018612,25.019054,73.759575,7.08404,332.0033,42.59226,2.364672,34.9,15.98,25.0
17,2023-10-02T17:00:00,31.637846,19.009764,28.05632,63.039394,4.7092853,356.34628,47.45806,1.4260877,38.4,17.39,35.5
18,2023-10-02T18:00:00,34.42597,21.16542,36.32902,42.706974,5.4655585,410.1442,50.132023,0.7126175,42.4,17.86,38.0
19,2023-10-02T19:00:00,32.785484,22.506668,39.388393,33.697033,4.542926,399.40213,56.55119,0.7111254,36.4,16.92,30.5
20,2023-10-02T20:00:00,30.569489,22.131886,31.835949,27.915546,4.7671165,372.30118,53.2595,0.75610274,33.9,15.98,40.0
21,2023-10-02T21:00:00,28.483196,21.248514,26.389956,30.642212,4.0124702,368.92682,47.18626,0.5185541,37.4,18.33,58.5
22,2023-10-02T22:00:00,28.69811,20.425434,19.66903,44.801567,3.0775099,344.7345,45.34451,0.3116014,32.4,18.8,87.5
23,2023-10-02T23:00:00,30.809233,21.117327,16.761261,51.53573,3.200751,322.23666,41.83078,0.25104985,34.9,22.56,73.0
0,2023-10-03T00:00:00,29.45101,22.175081,12.792114,57.811745,3.644459,317.9338,33.710342,0.21845104,34.9,22.56,45.5
1,2023-10-03T01:00:00,29.11839,20.44088,10.782451,59.576504,3.5221603,292.21832,23.49953,0.14324898,28.9,19.74,37.5
2,2023-10-03T02:00:00,26.14127,17.094849,10.157237,63.221138,3.2774246,273.72925,21.266748,0.13189805,29.9,20.21,33.0
5,2023-10-03T05:00:00,23.761333,10.398021,11.028818,62.56242,4.1152644,182.28891,15.795221,0.3734044,34.9,22.09,9.5
6,2023-10-03T06:00:00,21.249292,10.50215,13.649569,60.324966,4.4310794,204.92851,14.257858,0.5455476,32.9,16.45,5.5
7,2023-10-03T07:00:00,19.169533,10.307754,15.942924,55.61635,4.6970596,247.81844,13.454727,0.69302785,27.4,14.57,7.5
8,2023-10-03T08:00:00,14.983698,8.328571,17.342386,45.772175,5.0094967,269.5505,17.548553,1.97997,31.9,10.81,6.5
9,2023-10-03T09:00:00,11.921133,5.6599936,15.383335,41.67958,4.750742,263.67932,19.271603,2.7198849,28.4,9.87,10.5
10,2023-10-03T10:00:00,8.013981,3.422383,15.1341,50.116673,3.9617589,279.15073,19.17042,2.5821462,20.4,9.4,-1.0
11,2023-10-03T11:00:00,7.995199,3.126141,12.923929,62.22725,3.7034624,254.81186,15.064039,2.2255569,19.9,9.4,-1.0
12,2023-10-03T12:00:00,8.053689,3.4510787,10.826802,60.90072,3.981995,261.09348,14.615713,2.4231496,17.9,7.99,14.5
13,2023-10-03T13:00:00,10.093192,4.286585,11.12186,66.527115,3.8776164,247.33972,15.074507,2.2237074,13.4,3.76,11.5
14,2023-10-03T14:00:00,11.561515,5.013428,11.935,72.560646,3.4255478,230.31227,14.317952,2.5762858,6.9,2.35,12.5
15,2023-10-03T15:00:00,11.423265,4.2336373,10.7964115,74.56462,4.220734,213.62305,13.9154415,2.596435,10.4,2.82,11.5
16,2023-10-03T16:00:00,11.398904,5.0451894,16.10816,71.367165,4.5129128,226.78055,14.670871,2.178016,8.9,2.35,10.0
17,2023-10-03T17:00:00,11.715841,4.461175,18.333757,60.140026,4.691863,261.53882,15.405204,0.89494276,13.4,3.76,7.5
18,2023-10-03T18:00:00,11.879159,5.5285554,20.3774,60.08149,6.9612722,279.84454,16.199196,0.5286722,14.9,4.7,10.0
19,2023-10-03T19:00:00,13.178129,5.930458,21.446083,52.692093,6.6332293,279.95593,17.360796,0.5820766,16.9,4.23,9.0
20,2023-10-03T20:00:00,13.037849,5.810708,18.678608,48.63739,7.072231,280.64774,18.130087,0.6330083,15.4,4.23,9.5
21,2023-10-03T21:00:00,13.199838,6.289869,20.233658,46.491615,7.6293817,284.20642,18.63063,0.58935255,11.4,3.76,14.5
22,2023-10-03T22:00:00,12.281901,6.895135,19.878145,45.38753,8.082964,277.981,18.12099,0.5456968,12.9,4.7,22.5
23,2023-10-03T23:00:00,13.698468,5.967466,20.906326,41.12735,7.6217856,278.8759,18.21659,0.5311449,13.9,5.17,19.5
0,2023-10-04T00:00:00,12.233926,5.885725,20.494555,36.82517,7.0653667,288.67783,17.621885,0.5675247,13.4,5.17,14.0
5,2023-10-04T05:00:00,14.900309,7.072231,27.861479,19.133099,7.33138,293.7318,19.326096,2.104116,12.9,5.64,9.5
6,2023-10-04T06:00:00,15.300207,7.871734,31.873583,11.965312,6.949904,303.74533,22.985083,3.2839012,12.9,5.64,10.0
7,2023-10-04T07:00:00,16.584267,8.259207,31.696344,16.171232,6.9041023,312.78604,26.49138,5.904468,12.9,5.64,9.5
8,2023-10-04T08:00:00,18.106798,8.992493,24.635654,24.080017,7.294154,311.59384,21.893435,8.046626,13.9,5.64,14.0
9,2023-10-04T09:00:00,19.636847,9.49282,20.797394,31.00463,6.9885597,303.74524,20.44535,8.383567,13.9,5.64,22.0
10,2023-10-04T10:00:00,18.981789,9.155774,17.955944,37.45329,6.4210324,287.05612,18.864244,5.274311,17.4,7.05,27.0
11,2023-10-04T11:00:00,18.046318,8.472455,16.536545,45.001713,5.848051,294.1487,16.33516,4.9064813,20.9,7.52,27.5
12,2023-10-04T12:00:00,16.797916,8.217057,14.865974,47.922142,5.6392083,288.64996,15.426572,3.6082425,18.9,7.52,21.5
13,2023-10-04T13:00:00,16.21826,7.8063545,14.27015,49.838688,5.7491426,285.88092,14.984911,3.7187715,22.9,7.99,18.0
14,2023-10-04T14:00:00,16.480328,7.1071525,15.251347,46.747593,4.678669,301.56592,15.477175,3.931088,20.4,8.46,15.5
15,2023-10-04T15:00:00,16.719837,7.2811265,16.803135,46.496414,4.7359805,302.39542,14.900947,3.9515266,20.4,8.46,13.5
16,2023-10-04T16:00:00,16.095554,6.538832,16.523748,47.85072,5.1208386,300.4706,14.679465,2.7515128,17.9,7.05,15.5
17,2023-10-04T17:00:00,17.334196,7.7852745,20.734972,45.776352,5.640005,318.1635,18.318823,1.3642421,20.4,6.58,18.0
18,2023-10-04T18:00:00,17.691122,8.080857,33.403008,38.98144,6.6963835,318.50858,21.607595,1.6575754,20.9,7.05,14.0
19,2023-10-04T19:00:00,16.358496,8.202705,28.052454,36.632843,6.907727,321.36417,21.252562,1.3924364,17.9,6.58,11.5
20,2023-10-04T20:00:00,15.092802,7.7614,23.910618,38.428894,6.318096,327.00882,19.63907,1.1375932,15.9,6.58,16.5
21,2023-10-04T21:00:00,14.384369,6.7611837,20.661901,42.26888,5.1072693,303.7453,17.791815,0.61180574,18.4,7.52,22.0
22,2023-10-04T22:00:00,13.439016,5.9207964,17.320417,43.329094,4.456112,280.38013,14.077802,0.382272,22.9,9.87,30.5
23,2023-10-04T23:00:00,11.87234,6.1030912,16.375202,45.258617,4.833002,287.056,13.396525,0.3601599,19.4,7.99,27.5
0,2023-10-05T00:00:00,12.390956,5.410471,16.240126,43.630604,4.8886833,293.73166,13.197633,0.3601599,17.4,7.52,20.5
1,2023-10-05T01:00:00,11.439131,5.7186728,15.83612,43.630608,4.5075054,283.22903,12.206687,0.36379787,15.4,6.58,18.5
2,2023-10-05T02:00:00,11.6057205,6.012442,16.645414,41.48484,4.5875077,290.24173,10.980216,0.44473934,12.4,4.7,11.5
5,2023-10-05T05:00:00,13.154926,6.332555,23.739628,31.213446,5.3969417,299.64755,15.413278,1.5866135,11.4,4.7,9.0
6,2023-10-05T06:00:00,13.613358,7.256193,29.1243,26.185774,5.8798833,323.68216,18.520359,2.0040715,10.9,4.7,10.0
7,2023-10-05T07:00:00,16.399809,8.138614,30.40168,22.704746,5.8264503,327.1102,21.422909,3.9512997,11.4,4.7,9.5
8,2023-10-05T08:00:00,16.851116,8.674309,26.307674,26.44083,7.550142,327.11032,20.455357,3.965738,12.4,5.17,13.5
9,2023-10-05T09:00:00,16.896917,8.341885,27.429657,28.149242,7.9144416,317.09668,21.396185,5.4873686,13.4,5.64,20.0
10,2023-10-05T10:00:00,20.321016,9.387705,24.14373,31.042881,7.9993467,323.77246,20.736471,6.6883383,15.9,5.64,25.0
11,2023-10-05T11:00:00,18.483744,7.692462,22.425772,32.925217,7.5572047,317.09665,20.032658,5.2050166,17.4,6.58,-1.0
12,2023-10-05T12:00:00,16.23508,7.821398,20.981161,41.201668,8.069496,333.7861,20.015856,5.122196,22.4,7.52,-1.0
13,2023-10-05T13:00:00,14.501103,6.8198457,18.341211,48.022297,7.712178,310.44275,18.529806,4.3555064,23.4,7.52,25.5
14,2023-10-05T14:00:00,13.6769085,6.041493,17.685923,53.64009,7.361128,311.6234,16.956074,4.150681,24.4,7.52,26.5
15,2023-10-05T15:00:00,13.949019,6.0269084,15.486252,55.717003,7.69785,306.38397,16.519983,3.9705367,22.4,7.52,22.5
16,2023-10-05T16:00:00,15.240735,6.5976977,17.821787,51.099216,8.398851,311.24863,19.774328,3.3251126,20.4,6.58,16.5
17,2023-10-05T17:00:00,15.75523,7.3912363,23.370037,42.157177,7.867811,316.04285,27.23793,1.7680577,23.9,6.58,18.0
18,2023-10-05T18:00:00,16.122387,8.144745,33.685432,32.22169,8.661516,313.75876,32.94761,1.841272,20.4,6.11,16.5
19,2023-10-05T19:00:00,15.346553,8.159792,35.364056,27.347141,8.471333,313.18518,31.928251,2.9958756,22.9,6.11,16.5
20,2023-10-05T20:00:00,15.154349,8.6495075,29.744474,24.1975,7.365408,327.07166,32.917953,2.200977,18.9,6.11,24.0
21,2023-10-05T21:00:00,15.24354,8.831363,30.713636,23.071407,7.023683,325.7808,32.915287,1.5024853,14.9,5.64,27.0
22,2023-10-05T22:00:00,15.97147,8.629788,30.191544,25.134922,6.6621304,306.7938,33.436768,1.2287273,19.4,7.05,45.5
23,2023-10-05T23:00:00,15.326183,8.71349,33.37322,26.47067,6.101998,304.4244,38.963566,1.0793428,18.4,6.58,37.0
0,2023-10-06T00:00:00,15.601237,8.034549,28.302578,26.974957,5.7833624,301.7464,31.139816,1.4566623,18.4,7.05,26.5
1,2023-10-06T01:00:00,14.2301235,8.213505,25.894018,27.58797,5.3777976,297.44193,30.425922,0.9231487,18.9,7.05,28.0
5,2023-10-06T05:00:00,15.353656,8.517333,26.93933,26.08116,5.428696,301.0869,27.91821,1.2730048,17.4,7.99,19.0
6,2023-10-06T06:00:00,15.311339,8.662556,31.7712,21.79491,5.8629727,330.28723,35.01616,1.901725,17.4,7.99,17.5
7,2023-10-06T07:00:00,17.81331,9.55023,31.272648,23.133928,6.584662,336.19263,38.465584,4.6298466,16.9,7.99,16.0
8,2023-10-06T08:00:00,17.617914,9.582183,23.94386,30.372927,6.3536234,320.94952,33.07892,6.7429724,15.4,6.58,20.5
9,2023-10-06T09:00:00,18.685665,9.933341,21.45431,34.99658,5.7157836,315.25827,28.475506,6.6355176,15.9,7.05,25.5
10,2023-10-06T10:00:00,18.000546,9.506747,19.459051,40.322525,5.668369,311.35272,27.200804,6.319708,17.9,7.52,26.5
11,2023-10-06T11:00:00,17.378838,9.335528,16.641632,45.364967,5.4800806,305.45883,28.452217,5.431338,20.9,8.46,29.0
12,2023-10-06T12:00:00,19.740131,10.799478,16.19278,52.710094,6.03405,287.24323,26.44953,4.7491426,21.4,8.93,24.0
13,2023-10-06T13:00:00,19.606037,10.183137,14.880625,59.997925,5.6971593,276.0961,22.519344,4.2081647,23.4,9.4,21.0
14,2023-10-06T14:00:00,20.718746,9.701688,13.984876,64.89319,5.771214,279.98337,19.598127,3.4064636,23.4,8.46,17.5
15,2023-10-06T15:00:00,20.06691,9.022029,16.04361,68.12958,5.5990314,281.3708,18.801056,2.9014888,24.4,9.4,17.0
16,2023-10-06T16:00:00,21.623032,9.57365,17.730927,66.40592,5.2890882,289.41205,20.303799,2.016229,24.4,9.4,18.0
17,2023-10-06T17:00:00,20.708609,9.032007,23.629333,64.26503,4.6266665,294.74222,22.727776,0.8553016,23.9,8.93,14.0
18,2023-10-06T18:00:00,18.616764,9.053854,25.759817,52.59264,5.826209,310.32684,24.153107,0.57572436,23.9,8.46,15.5
19,2023-10-06T19:00:00,18.555853,9.435079,25.255787,46.017883,5.43105,318.41858,22.097385,0.5395506,24.4,7.99,17.0
20,2023-10-06T20:00:00,17.112236,8.935031,22.971418,49.658424,5.70094,310.30396,21.603592,0.4404477,22.9,8.46,21.0
21,2023-10-06T21:00:00,15.735056,8.117218,20.14136,52.822655,6.005285,314.23102,20.025545,0.35416293,26.4,8.46,31.0
22,2023-10-06T22:00:00,14.588579,7.7596526,20.694956,50.508057,5.368229,296.0093,19.425617,0.4409948,19.9,7.52,27.5
23,2023-10-06T23:00:00,15.097058,8.076107,18.335104,49.903305,5.1366205,282.76532,16.272385,0.51463544,22.9,9.4,30.0
0,2023-10-07T00:00:00,16.610323,8.681146,18.607935,48.58341,5.515914,270.36673,15.734045,0.4074261,19.9,7.99,20.0
1,2023-10-07T01:00:00,14.152676,8.51,21.3694,47.520657,5.6971602,260.35312,13.98648,0.5807905,16.4,7.52,17.5
2,2023-10-07T02:00:00,17.562115,9.13974,18.502636,45.061115,5.3408666,253.67743,13.393199,0.55702376,14.9,6.58,17.0
5,2023-10-07T05:00:00,16.915295,10.063559,19.009926,42.245518,6.1392813,243.66383,12.553381,0.96301275,14.9,7.52,9.5
6,2023-10-07T06:00:00,16.136824,9.77343,19.95783,37.95867,6.505141,243.6639,14.019178,1.3224053,15.4,7.99,8.5
7,2023-10-07T07:00:00,16.131325,9.982642,22.314905,35.270473,6.305492,253.6774,15.3260565,2.167326,15.9,8.46,6.5
8,2023-10-07T08:00:00,16.199472,9.665418,18.0421,43.630615,6.004482,263.34085,14.514043,2.5638657,16.4,9.4,9.5
9,2023-10-07T09:00:00,16.954811,10.153025,15.241408,47.922146,6.058315,240.32593,14.82326,4.033723,16.9,8.93,13.0
10,2023-10-07T10:00:00,17.241348,8.711033,13.380272,54.41582,5.8861785,237.76295,12.898229,4.736038,15.9,8.46,12.0
11,2023-10-07T11:00:00,15.809982,8.668794,12.070982,58.455338,5.735785,250.33952,11.889106,4.705065,16.4,8.93,14.5
12,2023-10-07T12:00:00,19.28359,9.000554,11.017337,64.27248,5.4263215,262.63596,11.7114105,4.5695853,17.9,9.4,-1.0
13,2023-10-07T13:00:00,19.210207,8.276347,11.1184,69.00973,5.345157,262.5716,11.163234,3.5621617,18.4,9.4,-1.0
14,2023-10-07T14:00:00,19.70494,9.80647,11.111734,71.72383,5.2484384,233.65016,11.890702,2.9987745,17.4,7.99,12.5
15,2023-10-07T15:00:00,19.412268,9.498522,12.045365,72.79123,5.140464,236.98817,10.987431,2.335213,18.4,7.99,12.0
16,2023-10-07T16:00:00,22.537724,8.571081,13.715703,73.67134,5.0840755,243.6639,14.490388,1.849891,18.9,8.46,11.5
17,2023-10-07T17:00:00,20.860228,8.938684,16.108156,66.518776,5.0586095,262.61124,16.136982,0.8058123,21.4,8.93,10.5
18,2023-10-07T18:00:00,20.431715,9.007629,19.832233,59.59003,5.7208,272.55563,15.644344,0.48088822,19.4,7.52,12.0
19,2023-10-07T19:00:00,18.6701,8.705882,19.75428,56.26862,5.290076,277.88416,14.843475,0.40581584,20.4,7.52,10.0
20,2023-10-07T20:00:00,18.017488,8.457277,18.098186,56.11888,4.9541554,268.79324,14.227887,0.33586645,19.9,7.52,17.0
21,2023-10-07T21:00:00,18.456247,8.672714,20.563606,53.644188,4.965613,279.24072,14.672616,0.40948933,22.4,7.99,20.0
22,2023-10-07T22:00:00,17.87589,8.004363,22.814049,50.762905,5.18504,249.7705,14.797471,0.5110223,21.4,7.99,21.5
23,2023-10-07T23:00:00,16.3418,7.895153,27.481892,42.17353,5.239972,253.2392,15.103867,0.5841905,20.4,7.99,19.0
0,2023-10-08T00:00:00,17.127605,8.221194,25.991512,35.154003,7.7157445,271.13974,16.217222,0.6680816,18.9,7.52,16.5
1,2023-10-08T01:00:00,17.582468,8.960435,31.647087,30.056156,6.48949,271.98157,17.391693,1.02591,17.4,7.05,12.5
2,2023-10-08T02:00:00,17.125948,9.257848,30.580242,26.727747,8.450402,271.02112,16.972143,1.8299034,17.4,7.52,14.0
5,2023-10-08T05:00:00,20.088232,11.330952,33.42123,15.735624,8.10623,292.40198,26.137104,16.892216,17.9,7.05,12.5
6,2023-10-08T06:00:00,19.586111,11.611292,28.57992,13.304091,9.39103,298.2898,33.776573,19.249868,16.4,6.58,13.5
7,2023-10-08T07:00:00,20.858011,12.219303,28.875984,12.5874,9.9966545,324.72787,36.86206,19.985016,15.9,7.52,14.0
8,2023-10-08T08:00:00,21.52683,12.769931,30.146946,13.442331,11.918985,355.905,37.34276,23.57619,15.9,7.52,15.5
9,2023-10-08T09:00:00,24.847197,14.008862,31.010607,16.106998,13.879855,346.99362,39.325394,28.494955,16.9,8.46,23.0
10,2023-10-08T10:00:00,26.480228,15.306026,31.1911,20.523697,12.807163,327.24344,40.14845,26.711643,18.4,8.46,22.5
11,2023-10-08T11:00:00,27.67046,15.250154,26.462658,29.54805,10.474256,310.61426,35.49308,19.539476,18.9,9.4,26.5
12,2023-10-08T12:00:00,29.105452,14.141623,23.267332,39.00764,9.860742,304.39124,30.473278,12.344338,22.9,10.34,27.0
13,2023-10-08T13:00:00,29.501284,14.104442,20.60642,45.864155,8.44367,266.27008,26.391932,9.212612,22.4,10.81,27.0
14,2023-10-08T14:00:00,29.220253,13.668058,17.994352,56.615448,8.560164,253.76451,25.093605,6.3853383,23.9,12.22,24.0
15,2023-10-08T15:00:00,26.254438,12.797195,18.678608,54.716873,7.827417,261.9913,23.552158,5.4242263,25.9,13.16,24.0
16,2023-10-08T16:00:00,28.31743,12.868874,24.407953,43.942123,8.3291025,283.2296,29.04808,5.1051073,26.4,12.22,18.5
17,2023-10-08T17:00:00,25.459814,12.69677,30.65803,27.677742,9.367479,325.70325,36.813225,3.967436,27.4,11.75,16.0
18,2023-10-08T18:00:00,24.424833,14.414022,36.74482,11.903462,10.117027,356.24863,38.29805,3.967436,27.9,11.28,14.0
19,2023-10-08T19:00:00,25.726143,15.12112,38.85311,7.6743445,10.402801,390.82123,42.425278,12.633202,25.9,11.28,17.5
20,2023-10-08T20:00:00,26.047926,15.678387,39.276115,3.98358,9.121156,403.58588,43.225266,18.684204,23.9,10.34,21.5
21,2023-10-08T21:00:00,25.516779,15.696343,35.487103,5.0067906,8.1098,400.5433,42.507587,23.361778,23.9,10.34,30.0
22,2023-10-08T22:00:00,21.874428,14.31664,35.53437,4.8120694,6.9330745,377.9795,36.656937,9.831005,25.4,11.28,40.5
23,2023-10-08T23:00:00,21.178251,13.256851,34.958126,9.371431,6.1392746,357.15106,31.532398,6.1045284,25.4,13.16,58.5
0,2023-10-09T00:00:00,21.718737,13.704267,32.723618,15.275873,7.4635134,305.36456,27.139019,3.1538186,25.4,13.16,69.0
5,2023-10-09T05:00:00,29.055513,18.291872,40.77415,13.164787,10.698157,349.4788,28.27609,3.3741827,23.4,12.22,21.5
6,2023-10-09T06:00:00,32.648247,21.910921,45.92538,11.444087,11.594236,381.65906,33.870953,6.006303,23.9,13.16,19.5
7,2023-10-09T07:00:00,37.527172,25.357565,46.692547,8.046629,11.903471,420.97894,37.70905,10.617072,27.4,15.51,25.0
8,2023-10-09T08:00:00,42.311428,27.93773,42.611305,12.707922,10.26757,389.91357,38.76605,12.696688,26.4,15.04,26.0
9,2023-10-09T09:00:00,40.798794,24.432243,36.398205,18.934328,10.101359,336.49457,38.37195,14.045554,26.9,15.98,28.5
10,2023-10-09T10:00:00,36.169895,23.087463,33.176147,26.864124,9.940327,346.18927,35.53836,14.842982,34.4,19.74,40.0
11,2023-10-09T11:00:00,33.166748,21.12595,29.82375,32.732616,11.33958,309.00488,33.409317,12.181702,44.4,24.44,47.5
12,2023-10-09T12:00:00,34.52894,20.782923,32.706562,32.341084,10.337779,284.17215,28.813002,11.128764,43.4,26.32,39.0
13,2023-10-09T13:00:00,35.25484,21.037777,30.16218,41.323425,9.260362,284.9778,27.038641,12.03331,48.4,25.38,-1.0
14,2023-10-09T14:00:00,32.498898,17.256262,29.405441,42.351208,9.8974695,269.03644,25.063995,7.3113427,46.9,24.91,-1.0
15,2023-10-09T15:00:00,32.958275,15.601111,35.923264,41.40052,9.672362,269.83008,24.02923,6.335277,50.4,24.44,34.5
16,2023-10-09T16:00:00,28.980734,14.54503,42.498116,35.99788,11.516306,260.42426,33.388584,6.9984765,53.9,26.79,33.5
17,2023-10-09T17:00:00,29.894344,14.63216,51.692623,25.625816,12.9057865,265.8735,39.874195,8.281461,43.9,22.56,27.5
18,2023-10-09T18:00:00,29.87748,15.285476,63.475296,8.727369,10.777558,306.46124,49.008163,22.38616,42.9,18.8,27.0
19,2023-10-09T19:00:00,30.108002,16.290401,58.7976,3.237801,13.376881,330.33,54.53448,39.41264,34.9,16.45,27.5
20,2023-10-09T20:00:00,26.73908,15.649423,54.657368,5.1063604,17.269485,411.69424,59.13632,44.256454,31.9,13.63,28.5
21,2023-10-09T21:00:00,27.637104,16.18901,51.97257,1.6544452,19.994356,437.6682,64.37346,54.360405,32.4,14.1,35.5
22,2023-10-09T22:00:00,29.247246,17.204996,53.598255,1.564621,20.445278,459.17178,73.59147,59.902668,32.4,12.69,48.5
23,2023-10-09T23:00:00,28.901297,18.250689,50.35173,1.2071296,18.981041,438.9845,78.67429,48.314014,29.9,13.63,51.0
0,2023-10-10T00:00:00,27.107603,18.33891,34.451046,4.174306,11.107378,504.86972,77.17008,54.515347,30.9,15.51,68.0
1,2023-10-10T01:00:00,29.709127,18.310715,33.80675,4.5137634,8.336802,485.95792,69.52952,42.723137,30.9,15.98,69.5
2,2023-10-10T02:00:00,32.412655,21.3727,28.949087,4.894405,6.6251287,509.15564,69.17565,22.835052,30.9,16.45,66.0
5,2023-10-10T05:00:00,31.220903,22.337486,31.736296,12.144176,5.455444,340.50354,47.559055,5.4791656,28.4,18.33,41.5
6,2023-10-10T06:00:00,32.87754,21.656206,37.128113,11.828064,6.417721,322.12717,45.535885,5.027431,36.4,24.91,37.0
7,2023-10-10T07:00:00,32.396515,21.868635,41.06865,10.703697,8.146468,332.63812,43.98241,6.522875,47.9,31.49,36.0
8,2023-10-10T08:00:00,31.065287,19.997787,38.15217,16.464106,8.917576,344.6308,38.51507,9.601507,39.9,23.97,34.0
9,2023-10-10T09:00:00,32.706875,19.314133,31.57167,26.223104,8.8965,337.2775,36.677013,10.831863,32.4,20.21,37.0
10,2023-10-10T10:00:00,30.368343,17.53923,28.081295,33.2016,8.621903,324.37967,33.068165,10.817067,35.9,20.21,49.0
11,2023-10-10T11:00:00,27.705023,14.76038,24.712997,45.371765,7.4068604,296.9694,31.58863,7.9579153,37.9,20.21,58.5
12,2023-10-10T12:00:00,25.045868,12.211181,22.235924,56.767635,7.949022,275.89606,29.777985,6.1984706,37.9,18.8,49.0
13,2023-10-10T13:00:00,24.85801,11.588613,21.975016,63.568146,6.869797,259.80777,30.760883,4.854821,40.4,18.33,31.5
14,2023-10-10T14:00:00,22.668018,10.204947,20.768892,73.00979,6.4379697,244.05739,30.37907,4.4121733,38.4,17.39,26.0
15,2023-10-10T15:00:00,25.156311,9.7216425,22.56884,73.78694,6.29512,238.14877,33.252613,3.2478554,30.9,13.63,25.0
16,2023-10-10T16:00:00,26.703045,10.067032,23.711304,69.97031,5.7890816,236.28908,32.19478,1.7820696,29.9,9.4,20.0
17,2023-10-10T17:00:00,28.328098,10.977446,28.629627,59.66073,5.297068,254.88478,30.77928,0.65338665,30.4,8.93,20.5
18,2023-10-10T18:00:00,28.994436,11.474935,30.406162,54.51149,5.217209,245.5891,30.094378,0.40527937,28.4,8.46,22.0
19,2023-10-10T19:00:00,29.040888,12.596119,26.432201,60.014584,5.4146276,249.63712,25.723217,0.24382985,22.9,7.52,23.5
20,2023-10-10T20:00:00,27.359081,12.265957,25.186806,62.55413,5.5227704,240.78787,24.154266,0.25811887,29.4,7.99,36.0
21,2023-10-10T21:00:00,25.579405,11.848191,22.191084,60.981373,5.3406463,240.75516,20.381346,0.26284397,30.4,8.46,37.5
22,2023-10-10T22:00:00,21.8793,10.797948,20.713203,62.534035,5.335031,238.87196,19.25449,0.27077007,34.9,10.34,36.5
23,2023-10-10T23:00:00,21.492558,10.463172,19.184584,60.492126,5.2578287,227.0887,18.171196,0.26645,40.9,11.75,29.0
5,2023-10-11T05:00:00,22.36694,13.043305,23.512514,46.119453,5.845477,252.4972,18.590815,0.66943073,16.4,7.99,8.5
6,2023-10-11T06:00:00,23.523458,14.110187,26.988066,45.241817,6.2246447,261.95206,21.106384,0.72874683,19.4,8.93,7.5
7,2023-10-11T07:00:00,27.611649,14.387033,29.41294,40.930115,6.4214826,275.00513,22.829142,1.4171349,20.9,10.34,7.5
8,2023-10-11T08:00:00,30.468254,14.383361,24.064644,45.1087,6.0051007,263.94547,20.62252,2.5623167,21.9,10.81,12.0
9,2023-10-11T09:00:00,33.73917,15.033753,19.884056,50.643223,5.6738114,262.18582,19.481707,3.8112411,22.9,11.28,21.0
10,2023-10-11T10:00:00,36.950012,18.726976,17.761932,53.77412,5.3307047,262.85312,18.84461,3.71919,25.9,12.22,24.0
11,2023-10-11T11:00:00,40.790535,19.23119,16.00951,52.642582,5.0360894,249.20169,17.678736,3.6094475,33.4,13.16,29.5
12,2023-10-11T12:00:00,40.02339,19.549278,15.2577915,56.754665,4.8500113,229.76857,17.483406,3.4423616,33.9,13.63,23.5
13,2023-10-11T13:00:00,38.682518,18.363255,15.1491995,58.076805,4.6798043,223.24316,17.732853,3.2572837,36.9,15.51,18.5
14,2023-10-11T14:00:00,39.14932,17.69099,16.639412,59.11143,4.4856296,230.44577,17.141092,3.0434217,40.4,18.8,-1.0
15,2023-10-11T15:00:00,40.307648,16.30626,18.269335,60.156,4.4538665,210.31374,18.02939,2.4557352,44.9,20.21,-1.0
16,2023-10-11T16:00:00,39.27076,14.849358,21.727993,57.816246,4.878179,239.71584,19.337103,1.5556481,45.4,19.74,17.0
17,2023-10-11T17:00:00,35.441113,14.289105,23.172459,53.900124,5.2609797,243.26562,21.494455,0.7302745,46.9,20.68,17.5
18,2023-10-11T18:00:00,34.192184,13.904054,25.84247,50.40309,6.037444,251.07048,25.424065,0.5774083,47.4,19.74,20.5
19,2023-10-11T19:00:00,34.92432,13.290469,28.751406,51.38972,6.229193,262.4302,27.47172,0.5787797,47.9,15.98,22.5
5,2023-10-12T05:00:00,21.126581,12.777935,21.808374,36.04439,5.0822563,195.96161,25.730598,1.0345644,28.4,12.69,8.5
6,2023-10-12T06:00:00,20.932768,12.991672,27.743256,29.221716,5.198004,209.99043,31.142473,1.8724791,23.9,13.16,9.5
7,2023-10-12T07:00:00,22.530727,14.112867,28.9144,24.177647,5.94693,232.87566,31.57806,2.240995,21.9,12.69,8.5
8,2023-10-12T08:00:00,21.698364,13.996376,25.112066,28.449818,4.265772,234.77922,30.908741,5.448328,21.4,12.22,12.0
9,2023-10-12T09:00:00,23.30511,13.576999,24.984213,24.483255,4.7997446,235.47949,30.534487,6.7411747,21.9,11.28,16.5
10,2023-10-12T10:00:00,24.631216,14.784616,24.441874,28.093798,5.1229563,228.64209,30.77167,6.9933414,23.9,12.69,24.5
11,2023-10-12T11:00:00,23.937037,12.859282,22.305763,28.169197,4.9561777,224.77151,29.90128,5.901299,27.9,13.63,30.5
12,2023-10-12T12:00:00,24.002892,12.181539,20.481892,34.39751,4.6085234,223.20105,26.511652,4.633111,30.9,13.63,34.0
13,2023-10-12T13:00:00,21.44975,12.353912,20.697462,36.3881,4.086139,208.13194,28.096542,4.4215074,35.9,14.1,34.0
14,2023-10-12T14:00:00,19.986025,11.732679,22.250048,34.62056,4.7366486,223.20027,26.046513,4.0836325,31.4,12.22,31.5
15,2023-10-12T15:00:00,16.69135,10.239083,20.67751,30.755991,4.7075515,225.67801,25.725866,3.477908,28.9,12.22,25.5
16,2023-10-12T16:00:00,18.95759,11.00283,23.826487,23.340183,4.5492997,232.22685,22.01713,2.6484485,27.4,12.22,21.5
17,2023-10-12T17:00:00,18.327488,11.661316,26.072481,17.366978,5.853051,255.32245,18.818283,2.5261464,25.4,11.75,19.5
18,2023-10-12T18:00:00,17.6957,10.790246,26.22437,20.120852,5.9566245,232.92278,17.869825,2.306706,19.9,9.87,17.5
19,2023-10-12T19:00:00,17.913416,9.931833,21.45498,24.795698,5.33794,232.64143,16.846077,1.4520082,16.9,8.93,21.5
20,2023-10-12T20:00:00,16.078575,9.140204,17.915455,29.350765,4.7087603,215.46806,16.158424,0.8559482,20.9,10.81,21.5
21,2023-10-12T21:00:00,13.667612,6.5047073,15.77439,33.10319,4.351135,202.19046,15.182845,0.5347829,21.4,11.28,23.0
22,2023-10-12T22:00:00,12.863895,6.344639,15.536129,34.460915,4.053119,186.58578,13.505868,0.42564353,20.9,11.75,21.5
23,2023-10-12T23:00:00,13.367987,6.1070137,12.943985,36.0204,3.9339051,180.15912,12.984307,0.36561686,19.4,9.87,18.0
0,2023-10-13T00:00:00,13.365929,6.0779295,11.305045,35.930016,4.1152363,188.3281,12.936903,0.3074092,17.9,9.4,16.5
1,2023-10-13T01:00:00,11.958491,5.788204,12.003234,32.467632,3.5839207,180.89214,14.283269,0.4312508,12.4,6.11,14.0
2,2023-10-13T02:00:00,11.539678,5.9760566,11.948567,29.308607,3.3073776,189.97488,12.7796,0.44313085,12.4,5.64,12.5
5,2023-10-13T05:00:00,16.193039,9.404506,13.366346,25.439983,3.0207303,183.95372,16.355787,0.7813696,11.9,4.7,6.0
6,2023-10-13T06:00:00,21.454702,10.278651,15.448158,22.764952,2.8703654,188.66682,18.770998,1.0248727,11.9,5.17,8.0
7,2023-10-13T07:00:00,26.433565,11.703375,17.410278,26.793869,3.1943169,194.43382,18.84435,1.2483099,14.9,7.99,11.5
8,2023-10-13T08:00:00,28.44074,12.380877,15.736699,34.793503,3.2527084,184.73315,17.818247,1.3096724,21.9,12.69,12.5
9,2023-10-13T09:00:00,30.72359,14.258603,13.396445,39.70569,3.3316495,179.45259,16.74171,1.6662405,15.9,8.46,13.5
10,2023-10-13T10:00:00,33.800972,14.76576,12.217234,45.908745,3.3991654,177.84879,17.313787,2.112038,19.4,8.46,22.0
11,2023-10-13T11:00:00,36.95096,15.1093645,11.640731,55.574013,3.3323903,199.3215,19.900202,2.1767771,30.4,11.75,25.5
12,2023-10-13T12:00:00,39.942413,17.220728,11.786477,57.95178,3.46472,194.87503,23.54325,2.176364,37.9,12.69,19.0
13,2023-10-13T13:00:00,40.78208,18.18502,11.688198,56.52979,3.39746,198.2317,22.081944,1.8529108,40.9,13.63,13.5
14,2023-10-13T14:00:00,38.20903,16.94849,12.245937,54.55334,3.3378599,186.13115,17.672527,1.4026425,40.9,14.1,14.5
15,2023-10-13T15:00:00,35.600918,15.461879,12.7081785,54.473213,3.200526,181.51186,15.769508,0.9881719,46.4,15.51,-1.0
16,2023-10-13T16:00:00,34.158062,14.284396,13.7057705,54.071583,2.9504364,169.95973,15.488483,0.63009155,52.9,17.86,-1.0
17,2023-10-13T17:00:00,31.901209,14.623723,13.180395,53.63472,3.2782524,167.46098,14.374449,0.46761528,52.9,17.86,14.5
18,2023-10-13T18:00:00,32.088108,16.305983,12.81569,50.873493,3.36712,164.77342,13.396836,0.3766445,47.4,15.51,15.0
19,2023-10-13T19:00:00,29.92056,15.708892,11.747033,51.09636,2.920629,159.85916,12.847386,0.28740034,40.9,14.57,18.0
20,2023-10-13T20:00:00,29.99149,17.037512,10.99398,49.95537,3.2071695,161.17488,11.294539,0.2651177,37.9,14.1,19.5
21,2023-10-13T21:00:00,34.226406,18.624569,9.56253,53.204033,3.476373,153.46436,11.294549,0.26446402,35.9,14.57,18.0
22,2023-10-13T22:00:00,32.043312,15.73029,8.723646,56.35642,3.1886103,165.08437,9.104227,0.22555469,35.4,16.45,12.0
23,2023-10-13T23:00:00,25.844193,12.565217,8.129064,53.991512,2.9119334,176.19757,8.1036625,0.21826452,30.4,15.51,12.0
5,2023-10-14T05:00:00,15.189933,5.5688252,21.24906,35.299534,6.9927635,216.39201,9.49874,1.0464731,8.4,3.29,13.5
6,2023-10-14T06:00:00,15.636715,6.2323833,25.704508,30.366209,7.4942365,218.32928,10.715711,1.0732855,14.4,5.64,10.5
7,2023-10-14T07:00:00,15.410479,6.606718,24.827614,30.21438,7.9396615,226.83658,12.499876,2.0675373,17.4,6.58,13.0
8,2023-10-14T08:00:00,16.210608,6.592971,18.918684,38.906853,4.9294615,224.15674,9.895355,3.769216,15.9,5.64,13.0
9,2023-10-14T09:00:00,17.421947,6.6475787,12.036111,44.78567,4.183676,209.91316,8.35291,3.7271092,15.4,5.64,9.0
10,2023-10-14T10:00:00,16.353397,6.586021,9.743944,51.132977,3.9581208,221.43988,8.016511,3.46015,15.9,6.11,13.5
11,2023-10-14T11:00:00,15.944931,5.9628754,9.134535,54.4151,3.7325664,218.5273,7.342555,3.2507405,16.9,6.58,18.5
12,2023-10-14T12:00:00,15.891265,6.1000137,8.803426,57.118122,3.4475107,214.4634,7.101429,3.3659124,18.4,6.58,18.5
13,2023-10-14T13:00:00,14.898659,5.7594824,9.461204,58.337494,3.4979167,219.66666,7.0509233,3.1839135,18.9,7.05,15.5
14,2023-10-14T14:00:00,13.168191,5.6477284,9.521669,59.181206,3.4451659,214.8913,7.151738,2.848992,18.4,6.58,10.5
15,2023-10-14T15:00:00,11.381299,5.299435,11.290391,59.77082,3.4960976,222.91393,7.1401243,2.3924258,17.4,6.11,9.5
16,2023-10-14T16:00:00,12.063566,5.035136,14.983895,54.28249,3.9244769,222.58617,7.8828692,1.768683,16.9,6.58,8.0
17,2023-10-14T17:00:00,11.315393,5.070813,21.249043,43.272976,5.855938,233.02382,9.204542,1.0714984,17.4,6.58,7.0
18,2023-10-14T18:00:00,10.9778385,4.9786553,33.923725,27.894974,7.08355,246.58473,12.399996,1.4668515,13.4,5.17,7.0
19,2023-10-14T19:00:00,14.298987,7.4534726,37.134895,22.172928,9.671567,265.78073,18.072094,2.0645103,11.9,4.7,9.5
20,2023-10-14T20:00:00,15.535178,8.390302,35.18835,13.8570595,11.399976,285.2103,21.196058,4.3946786,12.4,4.7,10.5
21,2023-10-14T21:00:00,19.661314,12.269106,31.156887,11.122089,10.193446,307.88623,24.483553,9.45056,10.4,3.76,14.0
22,2023-10-14T22:00:00,16.450712,10.427357,29.272087,10.637009,10.4857,335.10837,22.905796,11.30946,11.9,4.7,27.5
23,2023-10-14T23:00:00,14.777572,9.002259,26.378529,14.662743,10.080839,336.36624,22.340607,3.754394,11.9,5.64,30.0
0,2023-10-15T00:00:00,13.70062,8.469218,25.888483,15.735622,7.522644,295.6031,16.199701,2.5278163,9.9,5.17,25.5
1,2023-10-15T01:00:00,10.8175745,7.168637,24.59349,22.15583,7.4140873,279.70428,14.38426,1.6885595,12.4,6.58,30.5
2,2023-10-15T02:00:00,8.629286,4.605753,20.881886,24.354464,7.5815477,258.4219,14.179476,0.90447736,13.4,7.05,28.5
5,2023-10-15T05:00:00,8.566884,4.566553,36.03456,22.149763,7.2504916,230.56668,12.783731,1.2805686,11.4,6.11,16.0
6,2023-10-15T06:00:00,9.0631895,4.437312,33.870808,30.471888,7.72161,246.21158,14.414201,1.2259989,6.4,2.82,8.5
7,2023-10-15T07:00:00,9.050978,4.19095,19.667824,45.044827,6.3498363,241.48534,14.859951,1.9837607,6.9,2.82,8.5
8,2023-10-15T08:00:00,7.49759,3.615464,12.841182,45.41874,5.596604,228.55293,10.891673,1.9972503,7.4,3.29,11.0
9,2023-10-15T09:00:00,8.026743,3.7180264,9.481021,51.498413,3.9339056,218.84631,6.877129,2.3901513,8.4,2.82,12.0
10,2023-10-15T10:00:00,7.911119,3.7076674,8.3759775,55.07469,3.3694506,217.755,6.322834,2.162039,8.9,3.76,11.0
11,2023-10-15T11:00:00,8.951922,3.4950247,8.27259,55.074688,3.2756252,213.44972,6.1792912,2.1598172,9.9,3.76,12.0
12,2023-10-15T12:00:00,8.737231,3.3357968,7.786684,60.86405,3.7647965,214.04555,5.8919077,2.1167855,9.4,3.76,17.5
13,2023-10-15T13:00:00,8.322006,3.0325806,8.683138,61.0183,4.5383787,212.10861,5.9151926,2.607902,8.9,3.76,15.5
14,2023-10-15T14:00:00,8.45124,3.509015,9.1588745,60.329838,4.171255,203.76994,5.882765,2.777144,10.4,3.76,14.0
15,2023-10-15T15:00:00,8.64669,3.551461,9.978815,59.33472,4.4758224,214.04103,5.9812217,2.2955682,10.4,3.76,9.5
16,2023-10-15T16:00:00,9.196801,3.9108322,10.961245,55.119663,4.4407,223.56958,8.301601,1.5966233,7.4,2.82,-1.0
17,2023-10-15T17:00:00,11.168581,4.4636173,28.103584,39.76932,5.974478,247.43716,13.947111,1.3542376,6.4,2.35,-1.0
18,2023-10-15T18:00:00,12.100277,5.4024215,38.29873,23.473333,9.0099125,275.85464,19.38817,2.6389024,6.9,2.35,17.0
19,2023-10-15T19:00:00,13.882584,7.151499,43.831757,8.933539,10.85413,271.7807,24.04244,6.52301,10.9,3.76,17.5
20,2023-10-15T20:00:00,17.146362,9.848236,42.758472,5.593815,12.700451,253.42786,29.12924,14.31312,11.4,4.7,15.5
21,2023-10-15T21:00:00,18.023628,10.230087,33.15837,7.592652,13.357521,259.58685,27.360039,16.746086,11.9,4.23,15.5
22,2023-10-15T22:00:00,16.064463,10.430198,36.51722,7.598424,13.382305,268.26962,30.264133,18.004812,12.4,5.64,28.0
23,2023-10-15T23:00:00,16.131807,10.02976,37.69076,7.8543677,13.0025215,325.09537,30.046762,21.184544,12.4,6.11,37.5
0,2023-10-16T00:00:00,16.454865,10.283058,27.360064,7.8028684,12.100404,343.70383,32.007404,18.117632,12.4,6.58,33.5
5,2023-10-16T05:00:00,16.411007,12.028069,34.44135,1.4573178,19.998856,398.76492,54.59331,37.760147,14.9,9.4,31.0
6,2023-10-16T06:00:00,17.895815,12.482275,36.90698,0.9346719,22.353073,448.04288,64.627014,53.96631,14.9,9.4,31.0
7,2023-10-16T07:00:00,20.901411,14.432601,34.581215,0.80589616,27.55111,547.0528,74.65848,74.29209,15.9,9.4,30.5
8,2023-10-16T08:00:00,22.302954,15.928391,41.53105,1.5399656,26.650398,552.97375,90.6703,94.24147,16.4,10.81,32.5
9,2023-10-16T09:00:00,27.954315,17.88026,40.463017,4.513721,22.3245,488.30487,70.10285,65.25996,18.9,11.28,35.5
10,2023-10-16T10:00:00,24.493914,13.738264,40.16734,20.449774,20.140234,420.81284,49.52081,34.190006,20.9,12.69,42.0
11,2023-10-16T11:00:00,14.924405,8.267801,27.73741,37.34795,10.596195,318.9753,31.013243,15.7073345,29.4,15.51,48.5
12,2023-10-16T12:00:00,11.920082,5.5904155,20.470894,43.195774,7.226343,291.45123,24.727758,8.8026495,39.4,16.92,52.5
13,2023-10-16T13:00:00,10.7859535,4.312029,14.600753,50.081875,5.2222495,270.48956,19.532734,5.7041426,36.4,15.98,58.0
14,2023-10-16T14:00:00,9.768382,4.2133703,12.503708,53.513256,3.7400506,263.1807,18.638168,3.7506592,25.4,11.75,56.5
15,2023-10-16T15:00:00,10.220117,3.8840818,12.692237,54.62792,3.0205421,251.48805,19.014317,2.5853453,18.9,9.4,37.5
16,2023-10-16T16:00:00,10.536166,4.5874,14.144416,48.09535,3.452316,272.70996,22.808708,2.153751,14.4,5.64,27.0
17,2023-10-16T17:00:00,11.159869,5.157702,18.474771,38.86918,3.2939596,272.01767,29.77374,1.4474893,12.4,5.64,20.5
18,2023-10-16T18:00:00,13.282477,6.8011537,20.41905,30.481005,3.9426596,287.359,35.618744,1.0868604,8.4,3.29,16.0
19,2023-10-16T19:00:00,14.102061,8.18008,21.854046,28.358337,3.396354,324.95023,35.482475,0.9787868,10.4,3.76,16.0
20,2023-10-16T20:00:00,15.175015,8.79108,20.194664,30.440872,3.606564,328.61377,36.74473,0.77666587,9.9,3.76,20.5
21,2023-10-16T21:00:00,15.274722,9.280373,19.906069,28.69462,4.1857505,335.47647,38.925026,0.58828676,9.9,3.76,36.5
22,2023-10-16T22:00:00,16.291405,10.633354,20.461159,23.657324,4.240057,368.18155,38.684097,0.6032579,11.4,5.17,37.5
23,2023-10-16T23:00:00,17.97176,11.918902,21.987312,19.511423,4.1811547,413.67938,39.570698,0.6068355,11.4,6.11,31.0
0,2023-10-17T00:00:00,19.165379,13.845493,21.034008,19.231579,4.509501,471.43216,42.882298,0.680302,12.9,7.05,29.5
1,2023-10-17T01:00:00,19.324774,13.55042,19.902334,19.39469,5.274842,452.07013,46.346428,1.465196,15.9,8.46,26.0
5,2023-10-17T05:00:00,16.936327,12.253748,23.793184,16.964579,4.282356,418.97202,46.318443,1.3728396,19.9,13.63,19.0
6,2023-10-17T06:00:00,16.684444,11.777271,28.255621,16.093252,3.6093297,386.5125,44.74076,2.3107347,20.4,13.63,19.0
7,2023-10-17T07:00:00,18.265154,12.434043,25.370258,19.133091,3.1990623,372.33356,43.34636,2.8098838,20.4,13.16,19.0
8,2023-10-17T08:00:00,17.01912,11.412532,22.818798,22.70937,3.7511322,348.59366,37.229443,5.6954265,18.4,12.69,24.0
9,2023-10-17T09:00:00,15.314498,10.066614,20.150146,27.218063,3.8780966,322.1198,27.945974,7.0966806,17.9,11.75,31.5
10,2023-10-17T10:00:00,14.434704,8.754022,17.462967,34.817146,3.524846,294.90552,25.179329,6.9685755,17.4,10.81,36.0
11,2023-10-17T11:00:00,11.697429,7.081229,15.17205,43.917027,3.459803,263.6866,22.805649,6.314365,18.4,10.34,34.5
12,2023-10-17T12:00:00,10.73833,6.109205,14.547444,47.922142,3.316117,229.77007,20.155642,5.7851963,33.4,12.69,29.5
13,2023-10-17T13:00:00,12.588612,5.650671,14.235198,50.249237,3.758032,220.55315,21.244427,5.7295194,16.4,8.46,26.0
14,2023-10-17T14:00:00,12.19156,5.442544,14.870115,51.714058,3.5288393,222.36536,23.171173,5.8416843,-1.0,-1.0,21.0
16,2023-10-17T16:00:00,11.640224,4.7142982,17.962963,47.70678,3.9817681,251.44174,25.43265,2.1700935,17.9,6.11,-1.0
17,2023-10-17T17:00:00,13.635081,5.1863422,20.313633,43.01228,3.8908188,275.5561,25.347685,0.6763372,12.4,4.7,-1.0
18,2023-10-17T18:00:00,14.163438,6.8559766,23.22376,39.224686,4.17454,281.6006,24.294302,0.57073635,11.4,4.7,21.5
19,2023-10-17T19:00:00,13.716611,8.257053,21.843521,37.83679,4.542933,286.19644,24.424559,0.4975078,9.9,3.76,18.5
20,2023-10-17T20:00:00,14.384682,10.360844,21.384523,33.736797,4.4974513,284.93698,26.233158,0.46207306,10.4,3.29,20.5
21,2023-10-17T21:00:00,15.337102,10.535765,21.934511,31.879604,3.6954901,290.0604,27.927553,0.51954174,9.9,3.76,27.5
22,2023-10-17T22:00:00,15.11999,9.921273,21.782394,27.781425,3.1590445,285.8512,28.500937,0.62809134,11.9,5.17,30.0
23,2023-10-17T23:00:00,13.926296,9.105878,21.192791,27.699572,2.6775525,286.30185,28.527548,0.6053824,13.4,7.05,29.0
0,2023-10-18T00:00:00,13.613146,8.98607,20.437569,27.041168,2.662695,270.51968,28.070963,0.5105676,16.9,10.34,26.5
1,2023-10-18T01:00:00,12.674723,8.723884,20.107038,26.85026,2.4563746,272.96774,25.403812,0.5279617,17.9,10.81,23.5
2,2023-10-18T02:00:00,12.398299,8.584205,18.232655,25.331675,2.41997,265.6066,24.122843,0.59594643,15.9,10.34,21.5
5,2023-10-18T05:00:00,12.683443,8.444232,21.21186,21.100042,3.3556943,289.97357,30.264015,0.90039974,14.4,8.46,20.5
6,2023-10-18T06:00:00,13.977113,8.769318,23.678476,19.759212,3.57659,281.47635,29.407688,1.197364,13.4,7.99,19.5
7,2023-10-18T07:00:00,14.8123455,8.95529,25.019049,20.175434,3.351853,294.95743,30.619837,1.9709888,13.9,7.52,19.5
8,2023-10-18T08:00:00,14.153291,8.941669,23.54542,22.715117,3.204093,297.247,32.779514,3.6861393,13.9,7.99,25.0
9,2023-10-18T09:00:00,15.580465,8.8734,21.507746,22.943682,2.8705926,300.10355,31.995615,5.308536,13.9,7.99,35.5
10,2023-10-18T10:00:00,15.3989315,9.120427,20.010176,28.430262,2.4437838,301.454,32.50516,5.0454025,14.4,7.52,30.5
11,2023-10-18T11:00:00,14.469133,8.6663475,17.871494,33.978138,2.1976802,254.25078,32.222084,5.6212244,16.4,8.46,32.0
12,2023-10-18T12:00:00,14.75044,8.187186,17.118168,34.219162,2.2303936,249.77211,27.503517,4.7790275,17.9,8.46,31.5
13,2023-10-18T13:00:00,14.639134,8.506735,16.041727,39.405983,2.4091387,234.97346,26.264057,3.9940455,20.4,9.4,28.0
14,2023-10-18T14:00:00,15.512329,8.928397,15.919669,42.20008,2.984166,232.02255,28.18297,3.4204106,19.4,9.4,26.5
15,2023-10-18T15:00:00,17.89556,9.112517,16.964973,41.59657,3.1359396,236.92938,25.122078,3.0385685,18.4,8.46,25.5
16,2023-10-18T16:00:00,18.480957,8.868733,19.383175,39.812996,3.239279,246.39462,25.26275,1.8324897,18.9,7.99,28.0
17,2023-10-18T17:00:00,17.880325,8.890434,21.675083,34.04057,3.042118,245.79018,26.263344,0.6740351,17.9,7.52,23.5
18,2023-10-18T18:00:00,18.845606,9.834364,20.521126,31.206099,1.9790604,250.55124,25.197601,0.6072298,20.9,7.52,25.5
19,2023-10-18T19:00:00,17.157625,10.411909,19.087528,28.967861,1.7837465,256.14407,21.512325,0.57930547,20.9,8.46,29.0
20,2023-10-18T20:00:00,14.772297,9.400654,16.907642,27.537346,1.1671381,254.53607,21.28577,0.5525607,22.4,8.46,33.5
21,2023-10-18T21:00:00,11.15406,6.9217095,14.73725,27.701382,1.1346515,236.06445,20.13699,0.50043523,21.4,8.46,36.0
22,2023-10-18T22:00:00,11.561497,7.841507,13.575118,26.510925,1.5646222,228.08467,17.323938,0.4995826,21.4,9.4,38.5
23,2023-10-18T23:00:00,10.735676,7.631513,11.34282,25.970558,2.0667982,196.88312,12.539527,0.41307756,19.4,10.34,33.0
0,2023-10-19T00:00:00,9.356541,5.450062,10.139047,31.470692,3.5464785,180.0289,12.4082575,0.35799986,14.9,8.93,28.5
1,2023-10-19T01:00:00,6.723005,2.9827447,8.852425,40.411953,3.4598315,171.9257,10.866026,0.34760106,12.4,7.52,18.0
2,2023-10-19T02:00:00,7.397617,2.9683065,7.2108617,42.42173,3.1081378,175.3275,10.009363,0.32014215,13.4,8.46,15.0
5,2023-10-19T05:00:00,9.735052,4.5592165,16.553099,36.301624,3.2085695,203.28775,16.751322,0.6973977,6.9,1.88,3.0
6,2023-10-19T06:00:00,11.612425,4.771209,20.781776,34.271626,3.451504,227.16513,17.239779,1.0647341,7.4,1.88,4.0
7,2023-10-19T07:00:00,12.508089,5.617581,22.63818,33.553078,3.331735,235.35023,21.974003,1.3324986,7.4,2.35,5.0
8,2023-10-19T08:00:00,13.887666,6.2369285,21.479881,32.116493,3.0675552,236.0989,22.617903,3.11001,7.9,2.82,13.0
9,2023-10-19T09:00:00,13.539404,6.1608677,18.48021,34.48804,3.039844,238.75981,18.71443,3.1594567,8.9,3.76,28.5
10,2023-10-19T10:00:00,14.013181,6.1696,15.251338,37.67034,2.8045406,231.67715,18.978922,3.6041265,10.9,4.23,32.5
11,2023-10-19T11:00:00,15.448677,6.4783263,14.329658,39.100143,2.1533425,210.19608,18.535988,3.0271504,14.9,5.64,37.5
12,2023-10-19T12:00:00,13.842737,6.3332853,13.4306135,38.506016,1.6395454,210.47678,17.243195,2.6473129,17.4,6.11,37.0
13,2023-10-19T13:00:00,13.140352,6.0745344,13.347365,35.444542,1.5490685,202.22646,17.236784,2.8503568,18.9,5.64,29.0
14,2023-10-19T14:00:00,11.323434,5.2187934,12.651438,36.120403,1.8662832,186.67899,18.868954,3.0486271,23.9,7.05,27.5
15,2023-10-19T15:00:00,8.804177,4.270378,11.663758,37.627457,1.8262653,193.65083,19.565271,2.5059633,18.4,6.58,26.0
16,2023-10-19T16:00:00,9.083992,3.5742004,12.91524,36.12041,2.3063364,201.21164,21.199293,2.1929338,19.4,6.58,23.0
17,2023-10-19T17:00:00,9.954135,4.025196,15.458525,29.65264,2.616975,209.91002,24.217232,0.8782877,17.4,6.11,26.5
18,2023-10-19T18:00:00,9.443768,5.0528116,16.974815,24.736708,2.4915822,227.13448,30.124092,1.1134489,14.9,5.64,-1.0
19,2023-10-19T19:00:00,12.001109,5.9944797,18.271976,21.662544,2.2837484,233.77165,24.606005,0.90705043,9.4,3.76,-1.0
20,2023-10-19T20:00:00,12.234239,6.703118,18.292667,19.127314,2.4443593,241.11676,30.086529,1.4479156,8.4,2.82,23.5
21,2023-10-19T21:00:00,12.329224,7.297331,14.761357,18.596647,2.0384831,230.65567,31.108698,1.2896634,8.4,2.82,31.5
22,2023-10-19T22:00:00,11.930552,7.4588194,14.511954,21.457672,1.4795575,214.31912,28.86035,1.045919,8.9,3.76,39.0
23,2023-10-19T23:00:00,11.656084,6.960483,12.983847,22.336998,1.6007106,212.87807,19.4088,0.83928597,10.9,5.17,39.5
0,2023-10-20T00:00:00,11.918023,6.471346,11.197784,22.075256,1.1823404,209.81966,17.688963,0.8133867,10.9,5.64,28.0
1,2023-10-20T01:00:00,10.404294,5.8730564,11.061273,25.87603,1.4451855,193.57019,18.65225,0.6768488,12.9,6.58,32.0
2,2023-10-20T02:00:00,11.976232,6.4434257,10.618862,22.908787,1.460478,189.2739,18.358814,0.43337423,13.4,7.52,22.5
5,2023-10-20T05:00:00,14.712014,8.946986,15.125146,18.474188,1.5009221,231.48714,21.340502,1.1270202,11.4,5.17,11.5
6,2023-10-20T06:00:00,15.279925,9.931703,16.736244,14.631311,1.6239241,247.89952,25.191063,1.1787051,13.4,6.58,15.5
7,2023-10-20T07:00:00,14.019582,9.048634,18.062565,14.591934,1.5410417,249.87889,26.996632,1.5785986,14.4,7.99,14.5
8,2023-10-20T08:00:00,12.02006,7.751524,17.173082,15.272235,1.4926817,244.28894,26.92428,2.599421,14.9,8.46,18.0
9,2023-10-20T09:00:00,9.730297,6.027335,17.557484,16.710758,1.7156312,232.45045,27.712635,3.1999931,14.9,8.46,25.5
10,2023-10-20T10:00:00,7.995684,5.095735,16.191916,17.07133,1.5523328,228.12242,28.433887,4.3812776,15.9,8.46,23.5
11,2023-10-20T11:00:00,7.0576525,4.2036667,18.661749,18.569176,1.8008066,257.4644,29.185894,5.797118,13.9,8.46,22.5
12,2023-10-20T12:00:00,6.7196937,3.9794693,19.06953,23.128351,4.6620765,247.8812,29.914766,4.5511117,13.9,7.99,28.5
13,2023-10-20T13:00:00,6.3173842,3.286517,18.400497,38.820312,4.663889,253.67737,25.359879,2.518391,11.9,5.64,29.5
14,2023-10-20T14:00:00,7.9676533,4.1254687,21.695179,44.785522,4.6721067,238.87628,23.043447,2.5097497,9.4,4.23,29.0
15,2023-10-20T15:00:00,11.292742,5.5436788,22.827694,35.76402,4.720975,220.27007,27.370934,3.6993697,8.9,3.76,27.5
16,2023-10-20T16:00:00,10.813839,6.00994,22.698492,32.872932,4.872739,236.98795,27.858694,2.6739998,7.4,2.35,23.0
17,2023-10-20T17:00:00,11.730041,6.189804,20.902779,27.59407,4.5027742,238.19269,28.854788,1.345601,7.4,2.35,22.0
18,2023-10-20T18:00:00,12.156809,7.072236,21.591784,29.683113,4.347006,251.31282,28.443674,1.3924364,8.4,3.29,27.5
19,2023-10-20T19:00:00,14.251591,8.395325,23.877518,29.276676,4.351136,261.3779,31.984673,0.8425225,10.9,5.64,31.5
20,2023-10-20T20:00:00,14.838634,9.164462,22.20172,32.335285,3.7156358,260.59625,30.943716,0.73716146,12.4,6.11,34.0
21,2023-10-20T21:00:00,14.784746,8.687481,21.834036,33.180595,3.66569,266.18604,29.514275,0.8794263,12.9,6.58,35.0
22,2023-10-20T22:00:00,14.260879,7.743209,20.152203,31.628061,3.6954901,258.2631,29.376923,0.9423662,14.9,7.52,36.5
23,2023-10-20T23:00:00,13.492866,7.273002,18.75439,29.958294,3.039837,255.37102,27.378206,0.9042518,15.9,7.52,30.0
0,2023-10-21T00:00:00,14.312381,7.6766033,14.1844845,30.06268,3.494435,253.24652,23.578726,1.067292,17.4,8.46,30.5
1,2023-10-21T01:00:00,13.06717,7.3885064,16.02377,30.787775,2.9802294,241.4564,19.158657,0.52568793,16.4,7.99,32.5
2,2023-10-21T02:00:00,11.617145,6.0023317,13.078569,30.33203,3.0644572,207.23723,15.162586,0.4656613,13.9,6.58,25.0
5,2023-10-21T05:00:00,12.357692,6.2808867,10.579213,36.286823,3.2402508,206.9007,16.261114,0.589381,15.4,6.58,19.5
6,2023-10-21T06:00:00,10.179101,5.600025,11.12703,37.193302,3.3374193,206.02525,15.753603,0.5413199,13.4,5.64,12.5
7,2023-10-21T07:00:00,8.738643,4.0322123,9.864906,39.872105,2.9592116,197.01424,12.042928,0.73239905,11.9,5.17,9.5
8,2023-10-21T08:00:00,6.484237,2.9345276,8.488868,49.202656,2.622607,197.27008,11.359984,1.2432792,12.4,5.64,10.0
9,2023-10-21T09:00:00,6.961093,2.934943,6.3479505,55.640285,2.3841834,199.80981,9.165287,1.4455086,11.9,5.64,12.5
10,2023-10-21T10:00:00,7.8387136,3.3013058,5.7520266,64.52121,1.916888,195.10562,7.9421597,1.201953,10.4,5.17,14.0
11,2023-10-21T11:00:00,10.11451,4.162715,5.267708,69.1869,1.7762432,193.10503,7.0246167,1.004092,6.4,2.35,8.0
12,2023-10-21T12:00:00,11.620558,4.9186244,5.5361114,70.02394,1.824759,193.79568,6.091566,0.8924862,5.9,1.88,11.5
13,2023-10-21T13:00:00,13.416969,5.253896,6.026117,70.34764,1.6752883,203.20953,6.7189345,0.8878516,6.9,1.88,9.5
14,2023-10-21T14:00:00,13.420313,5.5613017,7.3061094,67.04907,1.8214905,210.86253,6.9422436,0.6893589,9.4,2.82,9.0
15,2023-10-21T15:00:00,11.248653,4.9699373,8.010893,63.676205,1.6989353,216.46817,6.96381,0.5116849,10.9,3.76,7.5
16,2023-10-21T16:00:00,10.51367,4.5467887,8.564604,61.665447,1.793494,212.56091,6.9874983,0.44143534,13.9,4.7,8.0
17,2023-10-21T17:00:00,8.866432,4.14866,8.641027,61.75108,1.9672652,206.4052,7.0556793,0.39214143,13.4,5.17,9.5
18,2023-10-21T18:00:00,8.968982,4.2629156,7.823905,62.42045,1.864977,199.0109,7.110793,0.22555469,13.4,5.64,12.0
19,2023-10-21T19:00:00,9.520022,4.236903,6.193788,63.237587,1.9594215,191.42575,7.8024077,0.21100277,11.4,4.7,-1.0
20,2023-10-21T20:00:00,7.8939247,3.8340602,6.013162,62.132687,1.8598953,198.2298,9.45264,0.23672442,11.4,4.7,-1.0
21,2023-10-21T21:00:00,6.8190455,3.0666385,6.161012,60.281307,1.9936124,204.93933,10.519853,0.24664359,11.9,4.7,17.5
22,2023-10-21T22:00:00,5.778174,2.2699258,6.1356483,56.411274,1.9371526,210.03082,11.017718,0.22262725,9.9,4.23,14.0
23,2023-10-21T23:00:00,5.0640903,2.1898372,5.40518,50.56183,1.8563427,210.01175,9.911087,0.21204016,10.4,3.76,10.0
0,2023-10-22T00:00:00,5.861389,2.405656,5.56894,45.990253,2.7792382,222.08609,12.02974,0.2746674,9.9,3.76,10.0
1,2023-10-22T01:00:00,6.0893974,2.9532785,7.4801,41.69257,2.7603023,223.84512,16.058487,0.37289283,7.4,2.82,7.5
5,2023-10-22T05:00:00,9.210787,4.881338,15.2153225,22.042513,4.213115,226.05263,15.373404,1.0440999,6.4,2.82,4.5
6,2023-10-22T06:00:00,9.186619,5.186653,18.822838,21.520964,4.579223,240.57968,17.60454,1.380613,7.4,2.82,5.0
7,2023-10-22T07:00:00,9.408184,4.9081206,20.027143,19.430445,5.9468737,246.04216,18.346474,2.000249,8.9,4.23,7.0
8,2023-10-22T08:00:00,8.755325,4.698744,15.352173,25.033953,4.942125,249.47963,18.145054,2.80588,9.4,4.7,11.5
9,2023-10-22T09:00:00,8.313179,4.172762,12.298689,30.276197,4.796469,251.8168,15.581085,3.670543,9.4,3.76,10.0
10,2023-10-22T10:00:00,8.653011,5.122306,11.652709,35.147785,4.633826,252.02084,14.317323,4.1758084,8.9,2.82,10.5
11,2023-10-22T11:00:00,8.923677,5.1030173,9.682034,40.054317,4.442505,265.3289,13.710389,3.5693038,8.4,2.82,12.0
12,2023-10-22T12:00:00,7.463086,4.5545287,9.417949,44.25953,4.2319026,245.20477,12.740255,3.749406,8.4,3.76,12.0
13,2023-10-22T13:00:00,7.2883496,4.1622515,9.7297735,46.514736,4.6820817,248.56561,12.011492,3.1643994,9.4,4.7,12.5
14,2023-10-22T14:00:00,7.146582,4.068382,9.807995,45.918934,4.780304,247.00159,13.49005,3.067843,10.4,5.17,12.0
15,2023-10-22T15:00:00,8.600352,4.391947,11.339605,43.145847,4.947186,241.87474,15.254969,3.5012918,10.4,4.23,9.0
16,2023-10-22T16:00:00,8.556963,4.9001412,16.114399,36.83567,5.4642415,249.67128,16.959536,3.2323442,8.9,4.23,10.5
17,2023-10-22T17:00:00,10.451665,6.1481843,21.763142,30.28891,5.955087,265.23578,19.369759,1.9934845,6.9,2.82,10.0
18,2023-10-22T18:00:00,10.363863,6.8723745,23.648138,20.742416,6.598839,300.4112,23.06561,2.870081,9.4,3.29,11.5
19,2023-10-22T19:00:00,13.188651,8.411007,27.205395,14.745537,6.958615,324.7062,27.473515,4.4903884,9.4,4.23,14.5
20,2023-10-22T20:00:00,15.717093,10.22272,27.396534,19.053936,6.989694,289.97342,28.931887,5.0534015,8.9,4.7,20.5
21,2023-10-22T21:00:00,16.667313,10.375516,28.360909,17.437208,6.453217,298.43924,29.654583,3.1877933,7.9,4.23,25.5
22,2023-10-22T22:00:00,15.817595,9.975338,26.031515,18.778038,5.7605104,264.0035,29.012386,2.5983908,12.4,8.46,31.5
23,2023-10-22T23:00:00,14.7982645,9.83897,21.114828,16.002275,5.129552,259.46158,28.788519,4.336243,14.4,9.4,42.0
0,2023-10-23T00:00:00,14.229158,8.42671,18.376451,18.317194,5.091749,257.89517,28.018892,5.651124,14.4,8.93,42.5
1,2023-10-23T01:00:00,14.159163,8.839003,17.109093,15.252341,6.745612,266.33163,26.332975,5.4383965,13.9,9.4,41.5
2,2023-10-23T02:00:00,12.962961,7.9119644,20.108294,9.063369,5.627989,266.84146,29.642157,5.458936,13.9,8.46,28.5
5,2023-10-23T05:00:00,12.885304,8.8841505,20.143944,7.1078353,3.2805686,308.29214,47.105892,8.447984,12.9,7.05,23.0
6,2023-10-23T06:00:00,12.63794,9.4157715,23.355047,5.9664955,3.1909764,321.30493,56.15327,11.695022,14.9,7.52,22.5
7,2023-10-23T07:00:00,13.394356,8.886902,24.778742,4.099868,3.3433025,327.98227,46.4663,12.470991,13.4,7.05,26.5
8,2023-10-23T08:00:00,15.373018,9.453288,23.305418,5.441521,3.409241,308.43423,47.54124,16.676552,13.9,7.05,29.0
9,2023-10-23T09:00:00,16.994278,8.970893,20.14103,11.801717,3.29595,285.1351,40.084126,15.428725,12.9,7.05,30.5
10,2023-10-23T10:00:00,16.153479,9.097948,19.164528,15.779376,2.982631,264.15012,32.94067,9.8347645,13.9,6.58,31.0
11,2023-10-23T11:00:00,16.163256,8.5055895,18.655619,23.875458,3.1292303,239.44267,27.6067,6.367286,16.4,7.52,40.5
12,2023-10-23T12:00:00,14.875013,8.016183,17.382326,35.810604,3.059668,221.84619,27.035843,4.808864,20.4,7.99,36.0
13,2023-10-23T13:00:00,14.211764,7.785431,18.01176,38.010582,2.7876804,211.47932,24.617485,3.9899533,20.4,7.52,27.0
14,2023-10-23T14:00:00,15.2866,7.453366,19.468895,35.01537,2.3280833,217.28317,28.224792,3.9602313,20.4,7.52,23.5
15,2023-10-23T15:00:00,16.34797,8.178176,20.049517,26.807655,2.8148863,238.35628,29.913067,3.2251678,19.4,7.52,21.5
16,2023-10-23T16:00:00,16.52478,8.64452,24.303944,22.320074,3.814705,245.7632,28.952303,1.8759749,16.9,7.52,29.0
17,2023-10-23T17:00:00,14.699679,9.3945265,27.545227,19.263098,2.5630183,226.3719,29.34745,1.2075106,18.4,8.46,25.5
18,2023-10-23T18:00:00,14.343073,9.625396,27.5181,21.460068,2.1141205,230.50575,27.117483,0.8004406,16.4,7.52,24.0
19,2023-10-23T19:00:00,13.580688,8.660518,21.436563,22.424501,1.9090111,233.4457,24.356771,0.7354117,16.4,7.52,28.0
20,2023-10-23T20:00:00,11.568796,7.70039,19.214136,22.999578,1.8328474,234.78741,25.508772,0.39992186,15.9,7.52,-1.0
21,2023-10-23T21:00:00,9.26505,6.5941777,17.152689,28.484592,1.7607818,251.36859,22.99426,0.48811445,15.9,9.4,-1.0
22,2023-10-23T22:00:00,9.899623,6.288782,13.169043,31.998425,1.3661169,239.99649,23.528938,0.28339288,15.4,9.87,31.0
23,2023-10-23T23:00:00,9.957217,6.3837433,10.98991,30.591843,1.2466899,226.07964,21.85483,0.29257306,12.9,7.99,23.5
0,2023-10-24T00:00:00,10.428376,6.4356985,10.50972,32.19712,2.5437145,216.65346,23.865358,0.27267787,10.9,6.58,17.5
1,2023-10-24T01:00:00,9.540301,5.921294,10.764988,32.633446,3.9468172,202.7433,22.360954,0.45160675,10.9,6.58,20.0
2,2023-10-24T02:00:00,8.18059,4.936681,9.003925,33.50904,4.2917657,205.87944,18.393896,0.30973622,10.9,6.58,16.5
5,2023-10-24T05:00:00,8.063295,5.234959,13.581153,27.97848,4.2704887,214.85728,24.335089,1.0347776,9.9,5.17,6.5
6,2023-10-24T06:00:00,10.62137,6.445831,19.019253,23.415565,4.571371,221.64418,25.222044,1.3887416,8.4,4.7,6.5
7,2023-10-24T07:00:00,11.805402,7.695121,21.62145,24.315128,4.8227234,224.45593,26.434559,1.1832242,8.4,4.7,7.0
8,2023-10-24T08:00:00,13.375159,9.15513,22.005327,29.808039,5.055331,225.00519,27.686094,2.592472,8.4,4.7,10.0
9,2023-10-24T09:00:00,13.239894,8.890421,19.017036,29.524416,3.821559,225.83017,29.013733,3.0088608,8.4,4.7,16.0
10,2023-10-24T10:00:00,12.519603,7.9349575,18.107918,29.01918,3.9592435,237.76608,31.111708,3.5677023,10.4,5.64,22.5
11,2023-10-24T11:00:00,9.507715,6.452553,18.228989,31.823626,3.82191,241.15378,31.213726,4.8710895,13.9,7.52,26.5
12,2023-10-24T12:00:00,8.91141,5.379212,18.748661,34.905266,4.1956215,240.0254,27.850157,4.218285,16.4,9.87,27.5
13,2023-10-24T13:00:00,7.673387,4.6793394,15.332263,42.997955,4.160502,211.88199,22.405745,4.213249,16.4,8.93,19.0
14,2023-10-24T14:00:00,8.942721,4.2573986,13.749621,50.060913,3.9819498,208.23543,17.65998,3.7052104,15.4,7.99,22.0
15,2023-10-24T15:00:00,8.823918,4.2078643,14.967313,55.13603,4.1511106,225.71202,14.805208,2.75152,10.4,4.7,24.5
16,2023-10-24T16:00:00,10.143369,4.1075706,19.763433,50.136616,4.29511,240.03583,14.627429,1.4514896,8.9,4.23,28.5
17,2023-10-24T17:00:00,10.339409,4.3146124,25.256104,40.578014,4.306461,256.9909,20.370258,1.0765717,9.4,4.23,18.0
5,2023-10-25T05:00:00,10.739825,5.433748,16.919249,23.064629,1.4933903,228.03789,19.626041,1.2744294,14.4,7.05,20.5
6,2023-10-25T06:00:00,10.019859,5.2564816,20.455969,23.502186,1.5152181,223.95316,22.184052,1.4520651,12.9,6.11,24.0
7,2023-10-25T07:00:00,10.223133,5.000743,20.12528,21.94511,1.5497789,238.21747,22.039906,0.84918386,11.9,5.64,16.5
8,2023-10-25T08:00:00,9.607168,4.443791,19.021332,23.551176,1.5425162,233.55554,23.864227,1.2335662,11.4,5.17,23.5
9,2023-10-25T09:00:00,7.9799633,4.56005,19.296854,26.993916,1.301982,228.54012,25.266375,1.931184,11.9,4.7,33.5
10,2023-10-25T10:00:00,7.67659,4.478812,19.917196,24.783922,1.4260749,224.34319,26.162415,3.1503773,11.4,4.7,36.0
11,2023-10-25T11:00:00,7.2080865,4.5525393,20.049511,22.823477,1.3519497,216.12218,25.857044,3.4505944,11.4,4.7,35.5
12,2023-10-25T12:00:00,6.6689267,4.292538,21.683573,23.195215,1.2514693,212.49573,26.647472,3.3433175,10.4,4.7,40.0
13,2023-10-25T13:00:00,7.455249,5.1316905,21.93451,19.399649,1.3852428,222.19905,26.674658,4.922597,12.9,5.17,33.5
14,2023-10-25T14:00:00,7.298071,4.4476705,25.651184,16.300001,1.655721,250.3576,31.960503,4.4699144,10.4,4.7,31.0
15,2023-10-25T15:00:00,8.809842,5.089522,28.406994,12.880165,3.7065887,265.47098,35.436497,4.464425,8.9,4.7,33.0
16,2023-10-25T16:00:00,9.582874,5.204979,35.618088,7.2269993,5.448811,269.12302,38.438236,8.670995,8.9,4.23,36.0
17,2023-10-25T17:00:00,10.2476015,5.8520994,41.705784,3.6342413,7.629402,263.81848,44.43611,16.858522,9.4,4.7,34.0
18,2023-10-25T18:00:00,11.773569,7.0915112,44.819904,3.6416192,7.654741,303.01492,47.25792,21.919235,9.4,4.7,27.0
19,2023-10-25T19:00:00,13.735235,8.550415,40.250683,6.1423016,10.490432,347.05496,49.548462,9.934183,9.4,5.17,24.5
20,2023-10-25T20:00:00,14.110671,9.686801,38.47026,11.354684,9.02714,342.2814,46.83607,5.664603,8.4,4.23,29.5
21,2023-10-25T21:00:00,14.02036,9.717922,41.59421,10.907655,9.151998,319.63242,46.275753,4.7497506,9.4,4.7,-1.0
22,2023-10-25T22:00:00,14.633779,9.478636,36.69674,13.133103,9.775164,330.83096,44.07606,6.090843,9.9,6.11,-1.0
23,2023-10-25T23:00:00,14.589653,10.435104,33.694256,7.708877,9.298326,316.70972,39.507133,10.297299,11.9,8.46,30.0
0,2023-10-26T00:00:00,17.639402,13.477353,27.313946,7.770723,8.016286,287.36105,36.480152,11.583324,14.4,10.34,27.0
1,2023-10-26T01:00:00,19.229607,13.912603,27.342623,2.4716797,11.961546,333.32617,41.787945,17.395905,12.4,8.93,28.0
2,2023-10-26T02:00:00,22.11282,15.695495,26.031557,3.2707005,12.423172,357.43597,42.99495,25.385298,15.4,10.81,34.0
3,2023-10-26T03:00:00,22.540907,16.620522,23.374012,2.5457036,11.117124,368.268,41.896008,26.69254,17.4,12.69,24.0
4,2023-10-26T04:00:00,22.817402,16.983221,22.089405,3.3673036,6.6723585,344.95987,40.67912,21.276976,21.4,14.57,26.5
5,2023-10-26T05:00:00,23.128904,17.701263,26.077955,3.6273775,4.702578,344.28375,50.010117,15.252141,21.9,14.57,26.0
6,2023-10-26T06:00:00,24.302864,17.615992,31.459053,5.883425,4.0622067,387.40826,61.775906,13.09882,21.9,15.51,28.0
7,2023-10-26T07:00:00,23.788527,16.97345,30.39613,3.77986,3.4420395,379.59033,55.033314,11.53316,23.4,16.45,28.5
8,2023-10-26T08:00:00,21.048616,15.2211895,26.129345,7.563358,3.8417625,345.58582,51.18047,10.004939,22.9,16.92,31.0
9,2023-10-26T09:00:00,21.722883,15.522631,24.271997,10.192395,2.476895,309.3955,42.271225,10.505318,23.9,17.39,35.5
10,2023-10-26T10:00:00,19.124878,14.326717,20.049513,12.350938,2.325919,286.29443,34.32994,6.7614055,23.9,18.33,36.0
11,2023-10-26T11:00:00,17.058723,13.5484295,19.46367,18.229183,2.461377,264.93063,32.584206,7.5995936,23.4,17.39,39.5
12,2023-10-26T12:00:00,16.926788,11.490513,20.7864,23.758509,2.512337,262.20496,30.725744,7.9473705,22.9,16.45,36.0
13,2023-10-26T13:00:00,14.316066,10.023906,19.978912,30.090433,2.5980284,245.6974,31.688173,6.9375296,22.4,15.04,27.0
14,2023-10-26T14:00:00,12.695322,8.887526,20.13974,30.822618,2.679144,245.80507,28.663261,5.3198156,23.9,15.98,25.5
15,2023-10-26T15:00:00,13.426046,7.9038253,23.401583,26.1868,2.9697986,247.90785,34.14246,4.521766,20.9,14.1,22.5
16,2023-10-26T16:00:00,12.524192,7.8251176,26.251883,18.7465,3.8533018,273.96542,39.169147,4.4780817,18.9,11.28,21.5
17,2023-10-26T17:00:00,14.188518,9.124729,30.802368,12.772946,4.079233,318.37543,43.619488,3.8068037,16.9,10.34,24.5
18,2023-10-26T18:00:00,15.300427,9.391613,28.103588,9.96868,4.25743,337.38293,45.56452,4.354689,15.4,9.4,26.0
19,2023-10-26T19:00:00,15.606257,10.200326,24.92183,9.120413,3.7287862,333.3364,36.61621,6.4028425,19.4,7.99,27.5
20,2023-10-26T20:00:00,17.274595,10.693899,26.176958,10.600274,3.69495,349.36975,42.2458,4.5821195,14.9,7.05,29.5
21,2023-10-26T21:00:00,17.800785,10.805212,23.937782,12.512772,3.509939,309.92654,40.4025,2.905722,12.4,7.05,34.5
22,2023-10-26T22:00:00,17.593266,11.351675,20.177362,11.137672,2.1059847,290.7498,31.49442,1.422336,13.4,7.99,32.0
23,2023-10-26T23:00:00,18.983772,11.695721,18.580408,14.028615,2.263171,272.20084,28.690355,2.8245494,14.4,8.93,32.5
0,2023-10-27T00:00:00,17.498327,11.33063,17.69828,13.317078,3.5178998,258.1453,32.10891,3.2420075,15.9,9.87,29.5
1,2023-10-27T01:00:00,13.576929,9.710426,17.847923,11.90006,1.9572326,267.60538,31.969616,3.4680738,17.9,10.81,31.5
2,2023-10-27T02:00:00,11.699948,7.8359513,17.171785,9.046349,1.9674644,265.78586,29.367582,3.1287186,19.9,11.75,30.5
3,2023-10-27T03:00:00,11.120633,6.9885583,17.619179,6.527119,2.1508696,259.76157,26.96037,5.1957374,19.9,11.28,26.5
4,2023-10-27T04:00:00,10.128132,7.553804,19.0148,7.313334,5.040121,288.4808,34.07413,10.701115,19.9,10.34,24.0
5,2023-10-27T05:00:00,10.271583,8.029019,24.748468,5.675922,7.659551,288.3383,44.14636,15.062596,17.4,9.87,22.5
6,2023-10-27T06:00:00,12.1368475,8.361437,29.44612,10.225816,8.823633,290.7452,38.249344,10.115798,13.9,7.99,20.5
7,2023-10-27T07:00:00,12.690813,9.291658,30.44817,10.106053,8.630309,307.08316,33.182293,7.0407963,11.9,7.05,21.0
8,2023-10-27T08:00:00,14.782591,10.312261,31.43441,13.133552,9.679752,271.81155,26.11057,4.079084,10.4,6.11,28.5
9,2023-10-27T09:00:00,14.479369,7.999632,25.813297,26.065504,5.01484,264.20016,24.631084,4.2300596,11.4,6.58,32.0
10,2023-10-27T10:00:00,10.813253,6.5114517,21.949757,25.58854,4.4513392,243.71971,21.545673,3.357235,15.9,8.46,36.5
11,2023-10-27T11:00:00,12.88678,7.221842,17.559166,33.076916,4.3231125,227.65312,22.066383,3.8995752,25.4,11.28,36.0
12,2023-10-27T12:00:00,11.677413,6.4634957,16.774857,38.174503,4.100158,209.35146,20.463236,3.7359245,19.4,10.34,32.0
13,2023-10-27T13:00:00,10.363865,6.1932974,14.94395,42.91534,3.9219317,196.93378,17.360178,3.2782755,16.9,7.05,30.5
14,2023-10-27T14:00:00,8.656204,4.8069105,15.33804,44.634357,3.7979362,190.25822,16.851072,2.8931098,12.4,5.17,21.5
15,2023-10-27T15:00:00,6.9750495,3.2942426,16.03938,45.5954,3.5942733,205.8444,16.868229,2.1519783,15.9,7.52,23.0
16,2023-10-27T16:00:00,8.827563,4.037451,19.961443,44.678017,3.4401922,223.26286,17.433851,1.3033059,13.9,6.58,19.0
17,2023-10-27T17:00:00,10.19456,4.468304,24.31995,35.23816,5.296897,254.25842,18.74522,1.0392966,12.4,6.11,19.5
18,2023-10-27T18:00:00,11.921122,6.75026,29.650251,27.645803,5.5988493,245.87794,21.802155,1.3315003,10.4,3.76,22.5
19,2023-10-27T19:00:00,14.815224,9.029242,28.789047,24.916517,5.614595,253.78365,23.682875,1.1675638,7.4,1.88,19.0
20,2023-10-27T20:00:00,13.371557,8.159082,23.305418,25.680492,4.849426,272.9322,24.38237,0.98918915,7.9,2.82,24.0
21,2023-10-27T21:00:00,11.329073,6.835647,19.878143,29.325483,4.332833,272.50024,24.14254,0.81490725,10.9,4.7,34.0
22,2023-10-27T22:00:00,12.489964,7.4667153,19.262667,28.279545,4.321677,279.1087,22.846872,0.60754246,16.4,8.46,-1.0
23,2023-10-27T23:00:00,14.364761,8.797118,18.840536,27.516514,3.5781796,270.92102,18.19205,0.52023095,21.4,11.75,-1.0
0,2023-10-28T00:00:00,13.382264,8.102447,14.686631,36.211445,3.4462175,232.90044,14.278509,0.4492904,10.9,5.64,24.0
1,2023-10-28T01:00:00,11.072441,5.9536386,13.404131,38.749634,3.4570675,216.27621,15.315216,0.4496883,10.4,6.11,37.5
2,2023-10-28T02:00:00,8.786567,4.936613,11.183374,45.092747,3.1330965,206.02608,14.487627,0.43678483,14.9,8.46,30.0
3,2023-10-28T03:00:00,7.4443316,4.39056,9.098592,49.66175,2.6440148,198.29588,14.316979,0.38994586,15.9,8.46,25.0
4,2023-10-28T04:00:00,8.710445,4.969488,8.567215,51.53193,2.3469477,193.8556,12.663992,0.42788884,12.9,7.05,15.0
5,2023-10-28T05:00:00,10.138708,5.380777,10.117384,48.332645,2.5920618,200.61089,10.185042,0.5023537,9.9,4.7,8.5
6,2023-10-28T06:00:00,10.5590315,5.1716394,11.90626,46.26354,2.3637981,201.87897,10.814589,0.5595666,8.4,3.76,8.5
7,2023-10-28T07:00:00,9.824712,5.4631643,11.43011,47.84669,3.0007632,201.72693,10.499853,0.5777423,8.4,3.76,8.5
8,2023-10-28T08:00:00,9.724999,5.0573034,11.87639,48.322136,2.8510385,186.9783,10.040557,0.77323395,9.9,5.17,10.0
9,2023-10-28T09:00:00,8.49675,4.2196765,9.722506,51.207935,3.088644,175.15602,9.411932,1.3242242,10.9,4.7,14.5
10,2023-10-28T10:00:00,8.76097,4.106821,8.868626,54.359432,2.7786627,172.40056,7.648186,1.5947982,11.4,4.7,17.5
11,2023-10-28T11:00:00,10.413241,5.238291,7.482221,58.592667,3.2268887,184.44553,7.521733,1.7452638,10.9,4.7,15.5
12,2023-10-28T12:00:00,11.38394,5.983459,8.162886,61.202263,2.7260826,193.39096,7.749037,1.6783437,10.9,4.7,14.0
13,2023-10-28T13:00:00,14.394978,6.4593596,7.026806,63.22628,2.7157526,212.89449,8.037828,1.796551,8.9,3.29,10.5
14,2023-10-28T14:00:00,12.62119,6.049025,8.429523,62.242172,3.06963,222.52625,9.248582,1.7131559,11.4,3.76,9.0
15,2023-10-28T15:00:00,13.732248,6.47111,10.917567,58.404892,2.6551845,224.19289,10.220604,1.5924612,14.4,5.17,9.0
16,2023-10-28T16:00:00,11.969898,5.832902,15.1624565,54.83098,2.9284308,239.57477,10.564321,0.9053593,15.4,6.58,8.5
17,2023-10-28T17:00:00,9.722143,4.8573694,16.167725,47.837845,2.3830183,259.093,13.835307,0.6021992,15.4,6.58,9.5
18,2023-10-28T18:00:00,7.8708,4.0756855,12.965159,47.206882,2.3997018,249.74463,11.216626,0.45031357,16.4,6.58,11.0
19,2023-10-28T19:00:00,7.900023,4.2435484,10.777509,47.519066,1.8648763,226.97467,10.364124,0.35882407,13.4,6.11,12.0
20,2023-10-28T20:00:00,6.946588,3.5432577,8.849314,44.750557,1.8835208,213.32285,9.17372,0.32121506,11.9,5.64,17.5
21,2023-10-28T21:00:00,5.797463,2.7331169,7.3488717,47.406223,1.6540298,199.03313,8.063221,0.30481574,9.9,4.23,21.0
22,2023-10-28T22:00:00,4.5199227,2.375378,6.0261407,50.251587,1.6253878,196.81178,7.50122,0.25106317,7.9,3.76,21.5
23,2023-10-28T23:00:00,5.8812447,2.5107446,5.2810674,51.659256,2.1159678,203.57312,6.481451,0.19787905,7.9,3.76,17.5
0,2023-10-29T00:00:00,5.516997,2.21193,4.7154174,55.07469,2.145768,202.8752,6.6610103,0.18110313,7.9,2.82,13.5
1,2023-10-29T01:00:00,5.568034,2.4584787,4.3392534,56.79958,1.8417268,194.86066,6.0512323,0.16768986,5.9,2.82,13.5
2,2023-10-29T02:00:00,5.9371686,2.2109835,4.2382455,60.055756,2.0861607,179.49525,5.199973,0.15229595,5.9,2.35,12.0
3,2023-10-29T03:00:00,5.369656,2.1341875,4.2154226,62.942505,2.048239,165.45,5.2040267,0.13278623,5.9,1.88,7.5
3,2023-10-29T03:00:00,5.369656,2.1341875,4.2154226,62.942505,2.048239,165.45,5.2040267,0.13278623,7.9,1.88,3.5
4,2023-10-29T04:00:00,5.9066215,2.384111,3.8544412,62.29675,2.3936052,165.02261,4.6210914,0.17618617,7.4,1.88,4.0
4,2023-10-29T04:00:00,5.9066215,2.384111,3.8544412,62.29675,2.3936052,165.02261,4.6210914,0.17618617,6.4,1.88,3.5
5,2023-10-29T05:00:00,6.750714,2.565547,5.056023,61.878773,2.680892,171.8488,5.015412,0.22397728,5.9,1.88,3.0
6,2023-10-29T06:00:00,7.4749103,2.4737384,5.9103513,62.70495,2.6803946,178.68658,5.616582,0.24419932,6.9,1.88,3.0
7,2023-10-29T07:00:00,10.294844,3.6143703,6.083397,61.788193,3.3625581,184.52213,6.2104926,0.3163052,6.9,1.88,2.5
8,2023-10-29T08:00:00,9.826507,4.0159345,6.768847,60.799244,3.1759555,191.96317,6.1643324,0.7540919,6.9,1.88,3.5
9,2023-10-29T09:00:00,9.855296,4.323041,6.0458446,62.84474,2.5488746,194.7255,6.9132338,1.1976482,9.9,3.29,5.0
10,2023-10-29T10:00:00,10.974602,4.658932,6.5455956,63.539154,2.4366784,190.91284,6.827104,1.4861141,10.9,4.23,5.5
11,2023-10-29T11:00:00,10.894389,4.744075,7.6143794,62.557873,2.6822135,175.0395,7.769793,1.4452616,11.9,4.7,5.5
12,2023-10-29T12:00:00,11.459179,4.9617534,7.1853633,61.252308,2.4010623,181.84015,7.8860574,1.2243371,12.4,4.7,7.0
13,2023-10-29T13:00:00,10.173554,4.7286367,9.03885,58.38891,2.3419745,179.352,9.582305,1.2692635,13.9,4.7,11.0
14,2023-10-29T14:00:00,7.158183,3.2599494,8.39567,58.116676,2.2118912,188.43231,8.579599,1.3706086,13.4,5.64,11.0
15,2023-10-29T15:00:00,6.1240773,2.9352696,9.025855,58.841686,1.9426807,187.01485,9.081251,1.2598207,11.4,4.23,12.5
16,2023-10-29T16:00:00,6.7980146,2.493839,9.662475,57.788467,2.9376822,191.27995,7.5697412,0.53838533,7.9,2.82,15.5
17,2023-10-29T17:00:00,7.7388744,2.5713766,10.420968,57.92026,2.9576712,197.0147,6.4262185,0.39267433,5.9,1.88,14.5
18,2023-10-29T18:00:00,7.3596354,2.7297063,9.686833,60.08149,3.4627945,194.8941,7.3913994,0.3938112,5.9,1.88,10.0
19,2023-10-29T19:00:00,7.492308,3.0709088,11.583154,58.03472,3.9863722,197.05188,8.004996,0.31928948,7.4,2.82,10.0
20,2023-10-29T20:00:00,8.76991,3.6441333,13.4532795,54.73339,4.1745777,202.22888,9.111836,0.4262688,7.9,2.35,10.0
21,2023-10-29T21:00:00,9.711961,4.065371,11.347538,52.690666,4.0563464,203.69084,9.071213,0.33399773,8.4,3.76,16.5
22,2023-10-29T22:00:00,9.328687,4.2791443,9.584255,52.933544,3.8971102,194.77634,8.503263,0.30854607,10.9,5.64,-1.0
23,2023-10-29T23:00:00,10.527622,4.5219793,10.148139,52.872772,3.5111327,192.21394,8.533349,0.23470648,10.9,5.17,-1.0
0,2023-10-30T00:00:00,12.153816,5.106758,8.549255,52.353245,3.7511966,184.79913,9.322315,0.23312196,11.9,5.64,10.0
1,2023-10-30T01:00:00,11.6910925,5.2679415,8.464769,51.795685,3.7810538,181.05493,9.591168,0.26257396,12.4,4.7,9.0
2,2023-10-30T02:00:00,10.797564,5.157793,8.160217,53.167664,3.3723652,177.4672,9.294394,0.23574032,11.4,4.7,8.0
3,2023-10-30T03:00:00,11.758133,5.1823273,9.891303,51.385887,3.188795,177.35565,9.443053,0.23100099,11.4,4.7,5.5
4,2023-10-30T04:00:00,12.693082,5.635192,11.052779,48.807766,3.225125,179.24763,9.991238,0.31894842,10.4,4.7,6.0
5,2023-10-30T05:00:00,12.639156,5.7064195,13.161373,44.853065,3.4598634,190.44899,12.43031,0.46998137,11.9,4.7,9.0
6,2023-10-30T06:00:00,13.040145,5.8081474,16.36474,40.979744,3.816968,211.09528,16.355198,0.77785957,12.4,5.64,12.0
7,2023-10-30T07:00:00,13.348526,5.794874,20.802826,34.168335,4.015678,229.97621,21.22742,0.97355723,13.4,5.64,16.0
8,2023-10-30T08:00:00,12.3093605,5.6792345,23.504751,32.070843,3.4325066,249.8268,23.5607,2.3849401,12.9,5.17,19.5
9,2023-10-30T09:00:00,12.517548,5.5643883,21.47,31.10607,3.2613344,243.85878,21.89572,3.831932,13.4,5.17,29.0
10,2023-10-30T10:00:00,12.313993,5.7766185,19.212921,33.0564,2.9814658,245.69302,20.128748,3.6634448,14.4,5.64,34.5
11,2023-10-30T11:00:00,12.735381,5.6148324,18.663818,34.709587,2.9118183,226.51483,19.72552,4.0401106,16.9,5.64,28.0
12,2023-10-30T12:00:00,10.680735,5.5252028,17.998724,35.638363,2.3265443,241.37463,18.813677,3.4238474,16.9,5.64,29.0
13,2023-10-30T13:00:00,9.211747,4.826737,17.594475,35.849308,2.104805,221.172,20.364548,3.1639912,13.9,5.64,36.5
14,2023-10-30T14:00:00,8.605892,3.8898814,17.823471,34.242268,1.7071784,241.08434,23.91334,3.2135112,12.4,5.64,35.5
15,2023-10-30T15:00:00,8.827712,4.2102623,20.248127,37.416584,1.6273134,240.14398,27.746254,3.2658746,8.9,4.23,33.5
16,2023-10-30T16:00:00,9.418873,4.6666684,21.257002,35.84677,1.4812298,234.91873,33.09572,3.3937795,7.4,2.82,30.5
17,2023-10-30T17:00:00,11.150254,6.3626413,22.834578,33.591694,1.6925768,250.15778,35.148067,2.2069743,8.9,3.76,40.5
18,2023-10-30T18:00:00,12.278397,7.35987,25.378614,32.735363,2.7177515,245.26097,46.814026,2.0061464,8.4,3.76,35.5
19,2023-10-30T19:00:00,12.158177,8.372888,27.060255,30.320415,2.9191546,271.9995,48.775208,2.9414196,12.9,7.05,46.5
20,2023-10-30T20:00:00,10.171743,7.096325,29.266962,30.74249,9.903103,278.18515,46.05873,3.3733017,14.4,8.46,42.0
21,2023-10-30T21:00:00,6.830485,4.675832,19.776976,33.47354,4.90372,290.17203,44.034016,2.1392736,14.9,8.93,36.0
22,2023-10-30T22:00:00,8.3758745,4.4182315,17.548958,40.49622,3.9700332,255.47496,31.067678,0.7294432,9.4,5.17,34.5
23,2023-10-30T23:00:00,9.344141,5.4605827,15.143741,45.57057,4.2091413,271.27057,20.894512,0.52196467,5.9,3.29,21.0
0,2023-10-31T00:00:00,11.640957,7.3405104,22.514109,37.23666,4.9305034,272.3008,16.59966,0.5745022,8.4,4.7,16.5
3,2023-10-31T03:00:00,13.765843,9.536164,16.348478,34.317944,4.4075465,240.47356,19.773209,0.7471286,18.9,13.16,11.5
4,2023-10-31T04:00:00,12.13915,8.3143425,17.343422,34.192677,4.653495,241.886,17.403847,1.1091288,17.9,12.69,12.0
5,2023-10-31T05:00:00,11.701569,6.5408673,18.973213,32.267506,5.761386,244.5216,17.90426,1.448825,13.9,9.4,10.5
6,2023-10-31T06:00:00,9.381841,5.731413,21.973167,29.70834,6.242292,254.22224,20.784042,1.7735146,12.9,8.46,9.5
7,2023-10-31T07:00:00,11.518027,6.9005184,28.017628,21.818401,6.353605,282.1076,23.112509,2.672806,10.4,5.64,11.0
8,2023-10-31T08:00:00,14.805784,9.369284,25.16608,23.372309,6.621578,285.84662,25.902557,4.9563127,9.4,3.76,20.5
9,2023-10-31T09:00:00,16.062675,10.180635,20.944748,28.164549,6.215335,260.49448,26.480318,7.5183377,11.9,6.58,24.0
10,2023-10-31T10:00:00,16.154884,10.522548,18.686613,36.966343,5.721667,258.65573,24.982197,6.680257,16.4,10.34,19.5
11,2023-10-31T11:00:00,15.896761,9.894109,16.086477,36.104965,5.7366834,251.8996,22.958021,5.7564692,16.4,9.87,18.5
12,2023-10-31T12:00:00,14.438554,8.662443,15.499257,34.125347,5.489717,254.22545,21.433434,5.802291,21.9,11.75,16.0
13,2023-10-31T13:00:00,12.480731,7.9349875,16.092394,37.083717,5.0692115,260.3218,21.402222,4.6501822,17.4,9.87,16.5
14,2023-10-31T14:00:00,12.461978,7.2448235,18.23833,31.421291,4.2805724,248.10614,22.412004,3.8239706,17.9,7.99,15.5
15,2023-10-31T15:00:00,10.856726,6.345768,18.706644,28.642746,3.4643226,254.57669,24.006939,2.9763215,13.4,7.05,16.5
16,2023-10-31T16:00:00,10.831699,6.1001024,20.4176,26.41668,4.264216,263.6264,23.798887,1.5971721,12.9,7.05,27.0
17,2023-10-31T17:00:00,11.684496,7.051996,26.511562,22.413607,3.7684917,263.3753,22.272535,1.4679315,11.4,5.64,20.5
18,2023-10-31T18:00:00,11.920618,7.749634,26.565987,24.23772,4.906959,241.61957,19.653711,1.4777229,11.4,5.17,25.5
19,2023-10-31T19:00:00,13.352824,8.377593,21.337942,28.06222,4.84947,257.0545,17.656752,0.8357475,13.4,7.05,31.5
20,2023-10-31T20:00:00,13.20654,8.36977,21.399115,31.331339,4.7084126,252.25256,18.25209,0.68207127,14.4,7.52,32.0
21,2023-10-31T21:00:00,12.464819,8.352139,19.640234,32.30768,4.062514,245.2912,18.89465,0.57799274,13.9,7.99,22.5
22,2023-10-31T22:00:00,12.370229,7.786068,18.189198,30.546314,3.962711,240.17078,18.751034,0.5309655,13.4,7.52,18.5
23,2023-10-31T23:00:00,12.370175,7.4037137,15.052832,33.55323,3.7464147,231.44676,18.128685,0.47042903,14.9,7.99,-1.0
