time,local_date,pm10,pm25,no2
22,2023-10-01T22:00:00,20.9,12.69,39.5
5,2023-10-02T05:00:00,20.4,13.16,13.5
6,2023-10-02T06:00:00,20.9,13.16,13.5
7,2023-10-02T07:00:00,20.9,13.16,19.0
8,2023-10-02T08:00:00,20.9,14.57,29.0
9,2023-10-02T09:00:00,24.9,15.04,47.5
10,2023-10-02T10:00:00,28.9,15.51,54.5
11,2023-10-02T11:00:00,41.4,18.8,56.5
12,2023-10-02T12:00:00,42.9,18.8,49.0
13,2023-10-02T13:00:00,34.9,17.86,37.0
14,2023-10-02T14:00:00,37.9,19.74,32.0
15,2023-10-02T15:00:00,33.4,17.39,29.0
16,2023-10-02T16:00:00,34.9,15.98,25.0
17,2023-10-02T17:00:00,38.4,17.39,35.5
18,2023-10-02T18:00:00,42.4,17.86,38.0
19,2023-10-02T19:00:00,36.4,16.92,30.5
20,2023-10-02T20:00:00,33.9,15.98,40.0
21,2023-10-02T21:00:00,37.4,18.33,58.5
22,2023-10-02T22:00:00,32.4,18.8,87.5
23,2023-10-02T23:00:00,34.9,22.56,73.0
0,2023-10-03T00:00:00,34.9,22.56,45.5
1,2023-10-03T01:00:00,28.9,19.74,37.5
2,2023-10-03T02:00:00,29.9,20.21,33.0
5,2023-10-03T05:00:00,34.9,22.09,9.5
6,2023-10-03T06:00:00,32.9,16.45,5.5
7,2023-10-03T07:00:00,27.4,14.57,7.5
8,2023-10-03T08:00:00,31.9,10.81,6.5
9,2023-10-03T09:00:00,28.4,9.87,10.5
10,2023-10-03T10:00:00,20.4,9.4,-1.0
11,2023-10-03T11:00:00,19.9,9.4,-1.0
12,2023-10-03T12:00:00,17.9,7.99,14.5
13,2023-10-03T13:00:00,13.4,3.76,11.5
14,2023-10-03T14:00:00,6.9,2.35,12.5
15,2023-10-03T15:00:00,10.4,2.82,11.5
16,2023-10-03T16:00:00,8.9,2.35,10.0
17,2023-10-03T17:00:00,13.4,3.76,7.5
18,2023-10-03T18:00:00,14.9,4.7,10.0
19,2023-10-03T19:00:00,16.9,4.23,9.0
20,2023-10-03T20:00:00,15.4,4.23,9.5
21,2023-10-03T21:00:00,11.4,3.76,14.5
22,2023-10-03T22:00:00,12.9,4.7,22.5
23,2023-10-03T23:00:00,13.9,5.17,19.5
0,2023-10-04T00:00:00,13.4,5.17,14.0
5,2023-10-04T05:00:00,12.9,5.64,9.5
6,2023-10-04T06:00:00,12.9,5.64,10.0
7,2023-10-04T07:00:00,12.9,5.64,9.5
8,2023-10-04T08:00:00,13.9,5.64,14.0
9,2023-10-04T09:00:00,13.9,5.64,22.0
10,2023-10-04T10:00:00,17.4,7.05,27.0
11,2023-10-04T11:00:00,20.9,7.52,27.5
12,2023-10-04T12:00:00,18.9,7.52,21.5
13,2023-10-04T13:00:00,22.9,7.99,18.0
14,2023-10-04T14:00:00,20.4,8.46,15.5
15,2023-10-04T15:00:00,20.4,8.46,13.5
16,2023-10-04T16:00:00,17.9,7.05,15.5
17,2023-10-04T17:00:00,20.4,6.58,18.0
18,2023-10-04T18:00:00,20.9,7.05,14.0
19,2023-10-04T19:00:00,17.9,6.58,11.5
20,2023-10-04T20:00:00,15.9,6.58,16.5
21,2023-10-04T21:00:00,18.4,7.52,22.0
22,2023-10-04T22:00:00,22.9,9.87,30.5
23,2023-10-04T23:00:00,19.4,7.99,27.5
0,2023-10-05T00:00:00,17.4,7.52,20.5
1,2023-10-05T01:00:00,15.4,6.58,18.5
2,2023-10-05T02:00:00,12.4,4.7,11.5
5,2023-10-05T05:00:00,11.4,4.7,9.0
6,2023-10-05T06:00:00,10.9,4.7,10.0
7,2023-10-05T07:00:00,11.4,4.7,9.5
8,2023-10-05T08:00:00,12.4,5.17,13.5
9,2023-10-05T09:00:00,13.4,5.64,20.0
10,2023-10-05T10:00:00,15.9,5.64,25.0
11,2023-10-05T11:00:00,17.4,6.58,-1.0
12,2023-10-05T12:00:00,22.4,7.52,-1.0
13,2023-10-05T13:00:00,23.4,7.52,25.5
14,2023-10-05T14:00:00,24.4,7.52,26.5
15,2023-10-05T15:00:00,22.4,7.52,22.5
16,2023-10-05T16:00:00,20.4,6.58,16.5
17,2023-10-05T17:00:00,23.9,6.58,18.0
18,2023-10-05T18:00:00,20.4,6.11,16.5
19,2023-10-05T19:00:00,22.9,6.11,16.5
20,2023-10-05T20:00:00,18.9,6.11,24.0
21,2023-10-05T21:00:00,14.9,5.64,27.0
22,2023-10-05T22:00:00,19.4,7.05,45.5
23,2023-10-05T23:00:00,18.4,6.58,37.0
0,2023-10-06T00:00:00,18.4,7.05,26.5
1,2023-10-06T01:00:00,18.9,7.05,28.0
5,2023-10-06T05:00:00,17.4,7.99,19.0
6,2023-10-06T06:00:00,17.4,7.99,17.5
7,2023-10-06T07:00:00,16.9,7.99,16.0
8,2023-10-06T08:00:00,15.4,6.58,20.5
9,2023-10-06T09:00:00,15.9,7.05,25.5
10,2023-10-06T10:00:00,17.9,7.52,26.5
11,2023-10-06T11:00:00,20.9,8.46,29.0
12,2023-10-06T12:00:00,21.4,8.93,24.0
13,2023-10-06T13:00:00,23.4,9.4,21.0
14,2023-10-06T14:00:00,23.4,8.46,17.5
15,2023-10-06T15:00:00,24.4,9.4,17.0
16,2023-10-06T16:00:00,24.4,9.4,18.0
17,2023-10-06T17:00:00,23.9,8.93,14.0
18,2023-10-06T18:00:00,23.9,8.46,15.5
19,2023-10-06T19:00:00,24.4,7.99,17.0
20,2023-10-06T20:00:00,22.9,8.46,21.0
21,2023-10-06T21:00:00,26.4,8.46,31.0
22,2023-10-06T22:00:00,19.9,7.52,27.5
23,2023-10-06T23:00:00,22.9,9.4,30.0
0,2023-10-07T00:00:00,19.9,7.99,20.0
1,2023-10-07T01:00:00,16.4,7.52,17.5
2,2023-10-07T02:00:00,14.9,6.58,17.0
5,2023-10-07T05:00:00,14.9,7.52,9.5
6,2023-10-07T06:00:00,15.4,7.99,8.5
7,2023-10-07T07:00:00,15.9,8.46,6.5
8,2023-10-07T08:00:00,16.4,9.4,9.5
9,2023-10-07T09:00:00,16.9,8.93,13.0
10,2023-10-07T10:00:00,15.9,8.46,12.0
11,2023-10-07T11:00:00,16.4,8.93,14.5
12,2023-10-07T12:00:00,17.9,9.4,-1.0
13,2023-10-07T13:00:00,18.4,9.4,-1.0
14,2023-10-07T14:00:00,17.4,7.99,12.5
15,2023-10-07T15:00:00,18.4,7.99,12.0
16,2023-10-07T16:00:00,18.9,8.46,11.5
17,2023-10-07T17:00:00,21.4,8.93,10.5
18,2023-10-07T18:00:00,19.4,7.52,12.0
19,2023-10-07T19:00:00,20.4,7.52,10.0
20,2023-10-07T20:00:00,19.9,7.52,17.0
21,2023-10-07T21:00:00,22.4,7.99,20.0
22,2023-10-07T22:00:00,21.4,7.99,21.5
23,2023-10-07T23:00:00,20.4,7.99,19.0
0,2023-10-08T00:00:00,18.9,7.52,16.5
1,2023-10-08T01:00:00,17.4,7.05,12.5
2,2023-10-08T02:00:00,17.4,7.52,14.0
5,2023-10-08T05:00:00,17.9,7.05,12.5
6,2023-10-08T06:00:00,16.4,6.58,13.5
7,2023-10-08T07:00:00,15.9,7.52,14.0
8,2023-10-08T08:00:00,15.9,7.52,15.5
9,2023-10-08T09:00:00,16.9,8.46,23.0
10,2023-10-08T10:00:00,18.4,8.46,22.5
11,2023-10-08T11:00:00,18.9,9.4,26.5
12,2023-10-08T12:00:00,22.9,10.34,27.0
13,2023-10-08T13:00:00,22.4,10.81,27.0
14,2023-10-08T14:00:00,23.9,12.22,24.0
15,2023-10-08T15:00:00,25.9,13.16,24.0
16,2023-10-08T16:00:00,26.4,12.22,18.5
17,2023-10-08T17:00:00,27.4,11.75,16.0
18,2023-10-08T18:00:00,27.9,11.28,14.0
19,2023-10-08T19:00:00,25.9,11.28,17.5
20,2023-10-08T20:00:00,23.9,10.34,21.5
21,2023-10-08T21:00:00,23.9,10.34,30.0
22,2023-10-08T22:00:00,25.4,11.28,40.5
23,2023-10-08T23:00:00,25.4,13.16,58.5
0,2023-10-09T00:00:00,25.4,13.16,69.0
5,2023-10-09T05:00:00,23.4,12.22,21.5
6,2023-10-09T06:00:00,23.9,13.16,19.5
7,2023-10-09T07:00:00,27.4,15.51,25.0
8,2023-10-09T08:00:00,26.4,15.04,26.0
9,2023-10-09T09:00:00,26.9,15.98,28.5
10,2023-10-09T10:00:00,34.4,19.74,40.0
11,2023-10-09T11:00:00,44.4,24.44,47.5
12,2023-10-09T12:00:00,43.4,26.32,39.0
13,2023-10-09T13:00:00,48.4,25.38,-1.0
14,2023-10-09T14:00:00,46.9,24.91,-1.0
15,2023-10-09T15:00:00,50.4,24.44,34.5
16,2023-10-09T16:00:00,53.9,26.79,33.5
17,2023-10-09T17:00:00,43.9,22.56,27.5
18,2023-10-09T18:00:00,42.9,18.8,27.0
19,2023-10-09T19:00:00,34.9,16.45,27.5
20,2023-10-09T20:00:00,31.9,13.63,28.5
21,2023-10-09T21:00:00,32.4,14.1,35.5
22,2023-10-09T22:00:00,32.4,12.69,48.5
23,2023-10-09T23:00:00,29.9,13.63,51.0
0,2023-10-10T00:00:00,30.9,15.51,68.0
1,2023-10-10T01:00:00,30.9,15.98,69.5
2,2023-10-10T02:00:00,30.9,16.45,66.0
5,2023-10-10T05:00:00,28.4,18.33,41.5
6,2023-10-10T06:00:00,36.4,24.91,37.0
7,2023-10-10T07:00:00,47.9,31.49,36.0
8,2023-10-10T08:00:00,39.9,23.97,34.0
9,2023-10-10T09:00:00,32.4,20.21,37.0
10,2023-10-10T10:00:00,35.9,20.21,49.0
11,2023-10-10T11:00:00,37.9,20.21,58.5
12,2023-10-10T12:00:00,37.9,18.8,49.0
13,2023-10-10T13:00:00,40.4,18.33,31.5
14,2023-10-10T14:00:00,38.4,17.39,26.0
15,2023-10-10T15:00:00,30.9,13.63,25.0
16,2023-10-10T16:00:00,29.9,9.4,20.0
17,2023-10-10T17:00:00,30.4,8.93,20.5
18,2023-10-10T18:00:00,28.4,8.46,22.0
19,2023-10-10T19:00:00,22.9,7.52,23.5
20,2023-10-10T20:00:00,29.4,7.99,36.0
21,2023-10-10T21:00:00,30.4,8.46,37.5
22,2023-10-10T22:00:00,34.9,10.34,36.5
23,2023-10-10T23:00:00,40.9,11.75,29.0
5,2023-10-11T05:00:00,16.4,7.99,8.5
6,2023-10-11T06:00:00,19.4,8.93,7.5
7,2023-10-11T07:00:00,20.9,10.34,7.5
8,2023-10-11T08:00:00,21.9,10.81,12.0
9,2023-10-11T09:00:00,22.9,11.28,21.0
10,2023-10-11T10:00:00,25.9,12.22,24.0
11,2023-10-11T11:00:00,33.4,13.16,29.5
12,2023-10-11T12:00:00,33.9,13.63,23.5
13,2023-10-11T13:00:00,36.9,15.51,18.5
14,2023-10-11T14:00:00,40.4,18.8,-1.0
15,2023-10-11T15:00:00,44.9,20.21,-1.0
16,2023-10-11T16:00:00,45.4,19.74,17.0
17,2023-10-11T17:00:00,46.9,20.68,17.5
18,2023-10-11T18:00:00,47.4,19.74,20.5
19,2023-10-11T19:00:00,47.9,15.98,22.5
5,2023-10-12T05:00:00,28.4,12.69,8.5
6,2023-10-12T06:00:00,23.9,13.16,9.5
7,2023-10-12T07:00:00,21.9,12.69,8.5
8,2023-10-12T08:00:00,21.4,12.22,12.0
9,2023-10-12T09:00:00,21.9,11.28,16.5
10,2023-10-12T10:00:00,23.9,12.69,24.5
11,2023-10-12T11:00:00,27.9,13.63,30.5
12,2023-10-12T12:00:00,30.9,13.63,34.0
13,2023-10-12T13:00:00,35.9,14.1,34.0
14,2023-10-12T14:00:00,31.4,12.22,31.5
15,2023-10-12T15:00:00,28.9,12.22,25.5
16,2023-10-12T16:00:00,27.4,12.22,21.5
17,2023-10-12T17:00:00,25.4,11.75,19.5
18,2023-10-12T18:00:00,19.9,9.87,17.5
19,2023-10-12T19:00:00,16.9,8.93,21.5
20,2023-10-12T20:00:00,20.9,10.81,21.5
21,2023-10-12T21:00:00,21.4,11.28,23.0
22,2023-10-12T22:00:00,20.9,11.75,21.5
23,2023-10-12T23:00:00,19.4,9.87,18.0
0,2023-10-13T00:00:00,17.9,9.4,16.5
1,2023-10-13T01:00:00,12.4,6.11,14.0
2,2023-10-13T02:00:00,12.4,5.64,12.5
5,2023-10-13T05:00:00,11.9,4.7,6.0
6,2023-10-13T06:00:00,11.9,5.17,8.0
7,2023-10-13T07:00:00,14.9,7.99,11.5
8,2023-10-13T08:00:00,21.9,12.69,12.5
9,2023-10-13T09:00:00,15.9,8.46,13.5
10,2023-10-13T10:00:00,19.4,8.46,22.0
11,2023-10-13T11:00:00,30.4,11.75,25.5
12,2023-10-13T12:00:00,37.9,12.69,19.0
13,2023-10-13T13:00:00,40.9,13.63,13.5
14,2023-10-13T14:00:00,40.9,14.1,14.5
15,2023-10-13T15:00:00,46.4,15.51,-1.0
16,2023-10-13T16:00:00,52.9,17.86,-1.0
17,2023-10-13T17:00:00,52.9,17.86,14.5
18,2023-10-13T18:00:00,47.4,15.51,15.0
19,2023-10-13T19:00:00,40.9,14.57,18.0
20,2023-10-13T20:00:00,37.9,14.1,19.5
21,2023-10-13T21:00:00,35.9,14.57,18.0
22,2023-10-13T22:00:00,35.4,16.45,12.0
23,2023-10-13T23:00:00,30.4,15.51,12.0
5,2023-10-14T05:00:00,8.4,3.29,13.5
6,2023-10-14T06:00:00,14.4,5.64,10.5
7,2023-10-14T07:00:00,17.4,6.58,13.0
8,2023-10-14T08:00:00,15.9,5.64,13.0
9,2023-10-14T09:00:00,15.4,5.64,9.0
10,2023-10-14T10:00:00,15.9,6.11,13.5
11,2023-10-14T11:00:00,16.9,6.58,18.5
12,2023-10-14T12:00:00,18.4,6.58,18.5
13,2023-10-14T13:00:00,18.9,7.05,15.5
14,2023-10-14T14:00:00,18.4,6.58,10.5
15,2023-10-14T15:00:00,17.4,6.11,9.5
16,2023-10-14T16:00:00,16.9,6.58,8.0
17,2023-10-14T17:00:00,17.4,6.58,7.0
18,2023-10-14T18:00:00,13.4,5.17,7.0
19,2023-10-14T19:00:00,11.9,4.7,9.5
20,2023-10-14T20:00:00,12.4,4.7,10.5
21,2023-10-14T21:00:00,10.4,3.76,14.0
22,2023-10-14T22:00:00,11.9,4.7,27.5
23,2023-10-14T23:00:00,11.9,5.64,30.0
0,2023-10-15T00:00:00,9.9,5.17,25.5
1,2023-10-15T01:00:00,12.4,6.58,30.5
2,2023-10-15T02:00:00,13.4,7.05,28.5
5,2023-10-15T05:00:00,11.4,6.11,16.0
6,2023-10-15T06:00:00,6.4,2.82,8.5
7,2023-10-15T07:00:00,6.9,2.82,8.5
8,2023-10-15T08:00:00,7.4,3.29,11.0
9,2023-10-15T09:00:00,8.4,2.82,12.0
10,2023-10-15T10:00:00,8.9,3.76,11.0
11,2023-10-15T11:00:00,9.9,3.76,12.0
12,2023-10-15T12:00:00,9.4,3.76,17.5
13,2023-10-15T13:00:00,8.9,3.76,15.5
14,2023-10-15T14:00:00,10.4,3.76,14.0
15,2023-10-15T15:00:00,10.4,3.76,9.5
16,2023-10-15T16:00:00,7.4,2.82,-1.0
17,2023-10-15T17:00:00,6.4,2.35,-1.0
18,2023-10-15T18:00:00,6.9,2.35,17.0
19,2023-10-15T19:00:00,10.9,3.76,17.5
20,2023-10-15T20:00:00,11.4,4.7,15.5
21,2023-10-15T21:00:00,11.9,4.23,15.5
22,2023-10-15T22:00:00,12.4,5.64,28.0
23,2023-10-15T23:00:00,12.4,6.11,37.5
0,2023-10-16T00:00:00,12.4,6.58,33.5
5,2023-10-16T05:00:00,14.9,9.4,31.0
6,2023-10-16T06:00:00,14.9,9.4,31.0
7,2023-10-16T07:00:00,15.9,9.4,30.5
8,2023-10-16T08:00:00,16.4,10.81,32.5
9,2023-10-16T09:00:00,18.9,11.28,35.5
10,2023-10-16T10:00:00,20.9,12.69,42.0
11,2023-10-16T11:00:00,29.4,15.51,48.5
12,2023-10-16T12:00:00,39.4,16.92,52.5
13,2023-10-16T13:00:00,36.4,15.98,58.0
14,2023-10-16T14:00:00,25.4,11.75,56.5
15,2023-10-16T15:00:00,18.9,9.4,37.5
16,2023-10-16T16:00:00,14.4,5.64,27.0
17,2023-10-16T17:00:00,12.4,5.64,20.5
18,2023-10-16T18:00:00,8.4,3.29,16.0
19,2023-10-16T19:00:00,10.4,3.76,16.0
20,2023-10-16T20:00:00,9.9,3.76,20.5
21,2023-10-16T21:00:00,9.9,3.76,36.5
22,2023-10-16T22:00:00,11.4,5.17,37.5
23,2023-10-16T23:00:00,11.4,6.11,31.0
0,2023-10-17T00:00:00,12.9,7.05,29.5
1,2023-10-17T01:00:00,15.9,8.46,26.0
5,2023-10-17T05:00:00,19.9,13.63,19.0
6,2023-10-17T06:00:00,20.4,13.63,19.0
7,2023-10-17T07:00:00,20.4,13.16,19.0
8,2023-10-17T08:00:00,18.4,12.69,24.0
9,2023-10-17T09:00:00,17.9,11.75,31.5
10,2023-10-17T10:00:00,17.4,10.81,36.0
11,2023-10-17T11:00:00,18.4,10.34,34.5
12,2023-10-17T12:00:00,33.4,12.69,29.5
13,2023-10-17T13:00:00,16.4,8.46,26.0
14,2023-10-17T14:00:00,-1.0,-1.0,21.0
16,2023-10-17T16:00:00,17.9,6.11,-1.0
17,2023-10-17T17:00:00,12.4,4.7,-1.0
18,2023-10-17T18:00:00,11.4,4.7,21.5
19,2023-10-17T19:00:00,9.9,3.76,18.5
20,2023-10-17T20:00:00,10.4,3.29,20.5
21,2023-10-17T21:00:00,9.9,3.76,27.5
22,2023-10-17T22:00:00,11.9,5.17,30.0
23,2023-10-17T23:00:00,13.4,7.05,29.0
0,2023-10-18T00:00:00,16.9,10.34,26.5
1,2023-10-18T01:00:00,17.9,10.81,23.5
2,2023-10-18T02:00:00,15.9,10.34,21.5
5,2023-10-18T05:00:00,14.4,8.46,20.5
6,2023-10-18T06:00:00,13.4,7.99,19.5
7,2023-10-18T07:00:00,13.9,7.52,19.5
8,2023-10-18T08:00:00,13.9,7.99,25.0
9,2023-10-18T09:00:00,13.9,7.99,35.5
10,2023-10-18T10:00:00,14.4,7.52,30.5
11,2023-10-18T11:00:00,16.4,8.46,32.0
12,2023-10-18T12:00:00,17.9,8.46,31.5
13,2023-10-18T13:00:00,20.4,9.4,28.0
14,2023-10-18T14:00:00,19.4,9.4,26.5
15,2023-10-18T15:00:00,18.4,8.46,25.5
16,2023-10-18T16:00:00,18.9,7.99,28.0
17,2023-10-18T17:00:00,17.9,7.52,23.5
18,2023-10-18T18:00:00,20.9,7.52,25.5
19,2023-10-18T19:00:00,20.9,8.46,29.0
20,2023-10-18T20:00:00,22.4,8.46,33.5
21,2023-10-18T21:00:00,21.4,8.46,36.0
22,2023-10-18T22:00:00,21.4,9.4,38.5
23,2023-10-18T23:00:00,19.4,10.34,33.0
0,2023-10-19T00:00:00,14.9,8.93,28.5
1,2023-10-19T01:00:00,12.4,7.52,18.0
2,2023-10-19T02:00:00,13.4,8.46,15.0
5,2023-10-19T05:00:00,6.9,1.88,3.0
6,2023-10-19T06:00:00,7.4,1.88,4.0
7,2023-10-19T07:00:00,7.4,2.35,5.0
8,2023-10-19T08:00:00,7.9,2.82,13.0
9,2023-10-19T09:00:00,8.9,3.76,28.5
10,2023-10-19T10:00:00,10.9,4.23,32.5
11,2023-10-19T11:00:00,14.9,5.64,37.5
12,2023-10-19T12:00:00,17.4,6.11,37.0
13,2023-10-19T13:00:00,18.9,5.64,29.0
14,2023-10-19T14:00:00,23.9,7.05,27.5
15,2023-10-19T15:00:00,18.4,6.58,26.0
16,2023-10-19T16:00:00,19.4,6.58,23.0
17,2023-10-19T17:00:00,17.4,6.11,26.5
18,2023-10-19T18:00:00,14.9,5.64,-1.0
19,2023-10-19T19:00:00,9.4,3.76,-1.0
20,2023-10-19T20:00:00,8.4,2.82,23.5
21,2023-10-19T21:00:00,8.4,2.82,31.5
22,2023-10-19T22:00:00,8.9,3.76,39.0
23,2023-10-19T23:00:00,10.9,5.17,39.5
0,2023-10-20T00:00:00,10.9,5.64,28.0
1,2023-10-20T01:00:00,12.9,6.58,32.0
2,2023-10-20T02:00:00,13.4,7.52,22.5
5,2023-10-20T05:00:00,11.4,5.17,11.5
6,2023-10-20T06:00:00,13.4,6.58,15.5
7,2023-10-20T07:00:00,14.4,7.99,14.5
8,2023-10-20T08:00:00,14.9,8.46,18.0
9,2023-10-20T09:00:00,14.9,8.46,25.5
10,2023-10-20T10:00:00,15.9,8.46,23.5
11,2023-10-20T11:00:00,13.9,8.46,22.5
12,2023-10-20T12:00:00,13.9,7.99,28.5
13,2023-10-20T13:00:00,11.9,5.64,29.5
14,2023-10-20T14:00:00,9.4,4.23,29.0
15,2023-10-20T15:00:00,8.9,3.76,27.5
16,2023-10-20T16:00:00,7.4,2.35,23.0
17,2023-10-20T17:00:00,7.4,2.35,22.0
18,2023-10-20T18:00:00,8.4,3.29,27.5
19,2023-10-20T19:00:00,10.9,5.64,31.5
20,2023-10-20T20:00:00,12.4,6.11,34.0
21,2023-10-20T21:00:00,12.9,6.58,35.0
22,2023-10-20T22:00:00,14.9,7.52,36.5
23,2023-10-20T23:00:00,15.9,7.52,30.0
0,2023-10-21T00:00:00,17.4,8.46,30.5
1,2023-10-21T01:00:00,16.4,7.99,32.5
2,2023-10-21T02:00:00,13.9,6.58,25.0
5,2023-10-21T05:00:00,15.4,6.58,19.5
6,2023-10-21T06:00:00,13.4,5.64,12.5
7,2023-10-21T07:00:00,11.9,5.17,9.5
8,2023-10-21T08:00:00,12.4,5.64,10.0
9,2023-10-21T09:00:00,11.9,5.64,12.5
10,2023-10-21T10:00:00,10.4,5.17,14.0
11,2023-10-21T11:00:00,6.4,2.35,8.0
12,2023-10-21T12:00:00,5.9,1.88,11.5
13,2023-10-21T13:00:00,6.9,1.88,9.5
14,2023-10-21T14:00:00,9.4,2.82,9.0
15,2023-10-21T15:00:00,10.9,3.76,7.5
16,2023-10-21T16:00:00,13.9,4.7,8.0
17,2023-10-21T17:00:00,13.4,5.17,9.5
18,2023-10-21T18:00:00,13.4,5.64,12.0
19,2023-10-21T19:00:00,11.4,4.7,-1.0
20,2023-10-21T20:00:00,11.4,4.7,-1.0
21,2023-10-21T21:00:00,11.9,4.7,17.5
22,2023-10-21T22:00:00,9.9,4.23,14.0
23,2023-10-21T23:00:00,10.4,3.76,10.0
0,2023-10-22T00:00:00,9.9,3.76,10.0
1,2023-10-22T01:00:00,7.4,2.82,7.5
5,2023-10-22T05:00:00,6.4,2.82,4.5
6,2023-10-22T06:00:00,7.4,2.82,5.0
7,2023-10-22T07:00:00,8.9,4.23,7.0
8,2023-10-22T08:00:00,9.4,4.7,11.5
9,2023-10-22T09:00:00,9.4,3.76,10.0
10,2023-10-22T10:00:00,8.9,2.82,10.5
11,2023-10-22T11:00:00,8.4,2.82,12.0
12,2023-10-22T12:00:00,8.4,3.76,12.0
13,2023-10-22T13:00:00,9.4,4.7,12.5
14,2023-10-22T14:00:00,10.4,5.17,12.0
15,2023-10-22T15:00:00,10.4,4.23,9.0
16,2023-10-22T16:00:00,8.9,4.23,10.5
17,2023-10-22T17:00:00,6.9,2.82,10.0
18,2023-10-22T18:00:00,9.4,3.29,11.5
19,2023-10-22T19:00:00,9.4,4.23,14.5
20,2023-10-22T20:00:00,8.9,4.7,20.5
21,2023-10-22T21:00:00,7.9,4.23,25.5
22,2023-10-22T22:00:00,12.4,8.46,31.5
23,2023-10-22T23:00:00,14.4,9.4,42.0
0,2023-10-23T00:00:00,14.4,8.93,42.5
1,2023-10-23T01:00:00,13.9,9.4,41.5
2,2023-10-23T02:00:00,13.9,8.46,28.5
5,2023-10-23T05:00:00,12.9,7.05,23.0
6,2023-10-23T06:00:00,14.9,7.52,22.5
7,2023-10-23T07:00:00,13.4,7.05,26.5
8,2023-10-23T08:00:00,13.9,7.05,29.0
9,2023-10-23T09:00:00,12.9,7.05,30.5
10,2023-10-23T10:00:00,13.9,6.58,31.0
11,2023-10-23T11:00:00,16.4,7.52,40.5
12,2023-10-23T12:00:00,20.4,7.99,36.0
13,2023-10-23T13:00:00,20.4,7.52,27.0
14,2023-10-23T14:00:00,20.4,7.52,23.5
15,2023-10-23T15:00:00,19.4,7.52,21.5
16,2023-10-23T16:00:00,16.9,7.52,29.0
17,2023-10-23T17:00:00,18.4,8.46,25.5
18,2023-10-23T18:00:00,16.4,7.52,24.0
19,2023-10-23T19:00:00,16.4,7.52,28.0
20,2023-10-23T20:00:00,15.9,7.52,-1.0
21,2023-10-23T21:00:00,15.9,9.4,-1.0
22,2023-10-23T22:00:00,15.4,9.87,31.0
23,2023-10-23T23:00:00,12.9,7.99,23.5
0,2023-10-24T00:00:00,10.9,6.58,17.5
1,2023-10-24T01:00:00,10.9,6.58,20.0
2,2023-10-24T02:00:00,10.9,6.58,16.5
5,2023-10-24T05:00:00,9.9,5.17,6.5
6,2023-10-24T06:00:00,8.4,4.7,6.5
7,2023-10-24T07:00:00,8.4,4.7,7.0
8,2023-10-24T08:00:00,8.4,4.7,10.0
9,2023-10-24T09:00:00,8.4,4.7,16.0
10,2023-10-24T10:00:00,10.4,5.64,22.5
11,2023-10-24T11:00:00,13.9,7.52,26.5
12,2023-10-24T12:00:00,16.4,9.87,27.5
13,2023-10-24T13:00:00,16.4,8.93,19.0
14,2023-10-24T14:00:00,15.4,7.99,22.0
15,2023-10-24T15:00:00,10.4,4.7,24.5
16,2023-10-24T16:00:00,8.9,4.23,28.5
17,2023-10-24T17:00:00,9.4,4.23,18.0
5,2023-10-25T05:00:00,14.4,7.05,20.5
6,2023-10-25T06:00:00,12.9,6.11,24.0
7,2023-10-25T07:00:00,11.9,5.64,16.5
8,2023-10-25T08:00:00,11.4,5.17,23.5
9,2023-10-25T09:00:00,11.9,4.7,33.5
10,2023-10-25T10:00:00,11.4,4.7,36.0
11,2023-10-25T11:00:00,11.4,4.7,35.5
12,2023-10-25T12:00:00,10.4,4.7,40.0
13,2023-10-25T13:00:00,12.9,5.17,33.5
14,2023-10-25T14:00:00,10.4,4.7,31.0
15,2023-10-25T15:00:00,8.9,4.7,33.0
16,2023-10-25T16:00:00,8.9,4.23,36.0
17,2023-10-25T17:00:00,9.4,4.7,34.0
18,2023-10-25T18:00:00,9.4,4.7,27.0
19,2023-10-25T19:00:00,9.4,5.17,24.5
20,2023-10-25T20:00:00,8.4,4.23,29.5
21,2023-10-25T21:00:00,9.4,4.7,-1.0
22,2023-10-25T22:00:00,9.9,6.11,-1.0
23,2023-10-25T23:00:00,11.9,8.46,30.0
0,2023-10-26T00:00:00,14.4,10.34,27.0
1,2023-10-26T01:00:00,12.4,8.93,28.0
2,2023-10-26T02:00:00,15.4,10.81,34.0
3,2023-10-26T03:00:00,17.4,12.69,24.0
4,2023-10-26T04:00:00,21.4,14.57,26.5
5,2023-10-26T05:00:00,21.9,14.57,26.0
6,2023-10-26T06:00:00,21.9,15.51,28.0
7,2023-10-26T07:00:00,23.4,16.45,28.5
8,2023-10-26T08:00:00,22.9,16.92,31.0
9,2023-10-26T09:00:00,23.9,17.39,35.5
10,2023-10-26T10:00:00,23.9,18.33,36.0
11,2023-10-26T11:00:00,23.4,17.39,39.5
12,2023-10-26T12:00:00,22.9,16.45,36.0
13,2023-10-26T13:00:00,22.4,15.04,27.0
14,2023-10-26T14:00:00,23.9,15.98,25.5
15,2023-10-26T15:00:00,20.9,14.1,22.5
16,2023-10-26T16:00:00,18.9,11.28,21.5
17,2023-10-26T17:00:00,16.9,10.34,24.5
18,2023-10-26T18:00:00,15.4,9.4,26.0
19,2023-10-26T19:00:00,19.4,7.99,27.5
20,2023-10-26T20:00:00,14.9,7.05,29.5
21,2023-10-26T21:00:00,12.4,7.05,34.5
22,2023-10-26T22:00:00,13.4,7.99,32.0
23,2023-10-26T23:00:00,14.4,8.93,32.5
0,2023-10-27T00:00:00,15.9,9.87,29.5
1,2023-10-27T01:00:00,17.9,10.81,31.5
2,2023-10-27T02:00:00,19.9,11.75,30.5
3,2023-10-27T03:00:00,19.9,11.28,26.5
4,2023-10-27T04:00:00,19.9,10.34,24.0
5,2023-10-27T05:00:00,17.4,9.87,22.5
6,2023-10-27T06:00:00,13.9,7.99,20.5
7,2023-10-27T07:00:00,11.9,7.05,21.0
8,2023-10-27T08:00:00,10.4,6.11,28.5
9,2023-10-27T09:00:00,11.4,6.58,32.0
10,2023-10-27T10:00:00,15.9,8.46,36.5
11,2023-10-27T11:00:00,25.4,11.28,36.0
12,2023-10-27T12:00:00,19.4,10.34,32.0
13,2023-10-27T13:00:00,16.9,7.05,30.5
14,2023-10-27T14:00:00,12.4,5.17,21.5
15,2023-10-27T15:00:00,15.9,7.52,23.0
16,2023-10-27T16:00:00,13.9,6.58,19.0
17,2023-10-27T17:00:00,12.4,6.11,19.5
18,2023-10-27T18:00:00,10.4,3.76,22.5
19,2023-10-27T19:00:00,7.4,1.88,19.0
20,2023-10-27T20:00:00,7.9,2.82,24.0
21,2023-10-27T21:00:00,10.9,4.7,34.0
22,2023-10-27T22:00:00,16.4,8.46,-1.0
23,2023-10-27T23:00:00,21.4,11.75,-1.0
0,2023-10-28T00:00:00,10.9,5.64,24.0
1,2023-10-28T01:00:00,10.4,6.11,37.5
2,2023-10-28T02:00:00,14.9,8.46,30.0
3,2023-10-28T03:00:00,15.9,8.46,25.0
4,2023-10-28T04:00:00,12.9,7.05,15.0
5,2023-10-28T05:00:00,9.9,4.7,8.5
6,2023-10-28T06:00:00,8.4,3.76,8.5
7,2023-10-28T07:00:00,8.4,3.76,8.5
8,2023-10-28T08:00:00,9.9,5.17,10.0
9,2023-10-28T09:00:00,10.9,4.7,14.5
10,2023-10-28T10:00:00,11.4,4.7,17.5
11,2023-10-28T11:00:00,10.9,4.7,15.5
12,2023-10-28T12:00:00,10.9,4.7,14.0
13,2023-10-28T13:00:00,8.9,3.29,10.5
14,2023-10-28T14:00:00,11.4,3.76,9.0
15,2023-10-28T15:00:00,14.4,5.17,9.0
16,2023-10-28T16:00:00,15.4,6.58,8.5
17,2023-10-28T17:00:00,15.4,6.58,9.5
18,2023-10-28T18:00:00,16.4,6.58,11.0
19,2023-10-28T19:00:00,13.4,6.11,12.0
20,2023-10-28T20:00:00,11.9,5.64,17.5
21,2023-10-28T21:00:00,9.9,4.23,21.0
22,2023-10-28T22:00:00,7.9,3.76,21.5
23,2023-10-28T23:00:00,7.9,3.76,17.5
0,2023-10-29T00:00:00,7.9,2.82,13.5
1,2023-10-29T01:00:00,5.9,2.82,13.5
2,2023-10-29T02:00:00,5.9,2.35,12.0
3,2023-10-29T03:00:00,5.9,1.88,7.5
3,2023-10-29T03:00:00,7.9,1.88,3.5
4,2023-10-29T04:00:00,7.4,1.88,4.0
4,2023-10-29T04:00:00,6.4,1.88,3.5
5,2023-10-29T05:00:00,5.9,1.88,3.0
6,2023-10-29T06:00:00,6.9,1.88,3.0
7,2023-10-29T07:00:00,6.9,1.88,2.5
8,2023-10-29T08:00:00,6.9,1.88,3.5
9,2023-10-29T09:00:00,9.9,3.29,5.0
10,2023-10-29T10:00:00,10.9,4.23,5.5
11,2023-10-29T11:00:00,11.9,4.7,5.5
12,2023-10-29T12:00:00,12.4,4.7,7.0
13,2023-10-29T13:00:00,13.9,4.7,11.0
14,2023-10-29T14:00:00,13.4,5.64,11.0
15,2023-10-29T15:00:00,11.4,4.23,12.5
16,2023-10-29T16:00:00,7.9,2.82,15.5
17,2023-10-29T17:00:00,5.9,1.88,14.5
18,2023-10-29T18:00:00,5.9,1.88,10.0
19,2023-10-29T19:00:00,7.4,2.82,10.0
20,2023-10-29T20:00:00,7.9,2.35,10.0
21,2023-10-29T21:00:00,8.4,3.76,16.5
22,2023-10-29T22:00:00,10.9,5.64,-1.0
23,2023-10-29T23:00:00,10.9,5.17,-1.0
0,2023-10-30T00:00:00,11.9,5.64,10.0
1,2023-10-30T01:00:00,12.4,4.7,9.0
2,2023-10-30T02:00:00,11.4,4.7,8.0
3,2023-10-30T03:00:00,11.4,4.7,5.5
4,2023-10-30T04:00:00,10.4,4.7,6.0
5,2023-10-30T05:00:00,11.9,4.7,9.0
6,2023-10-30T06:00:00,12.4,5.64,12.0
7,2023-10-30T07:00:00,13.4,5.64,16.0
8,2023-10-30T08:00:00,12.9,5.17,19.5
9,2023-10-30T09:00:00,13.4,5.17,29.0
10,2023-10-30T10:00:00,14.4,5.64,34.5
11,2023-10-30T11:00:00,16.9,5.64,28.0
12,2023-10-30T12:00:00,16.9,5.64,29.0
13,2023-10-30T13:00:00,13.9,5.64,36.5
14,2023-10-30T14:00:00,12.4,5.64,35.5
15,2023-10-30T15:00:00,8.9,4.23,33.5
16,2023-10-30T16:00:00,7.4,2.82,30.5
17,2023-10-30T17:00:00,8.9,3.76,40.5
18,2023-10-30T18:00:00,8.4,3.76,35.5
19,2023-10-30T19:00:00,12.9,7.05,46.5
20,2023-10-30T20:00:00,14.4,8.46,42.0
21,2023-10-30T21:00:00,14.9,8.93,36.0
22,2023-10-30T22:00:00,9.4,5.17,34.5
23,2023-10-30T23:00:00,5.9,3.29,21.0
0,2023-10-31T00:00:00,8.4,4.7,16.5
3,2023-10-31T03:00:00,18.9,13.16,11.5
4,2023-10-31T04:00:00,17.9,12.69,12.0
5,2023-10-31T05:00:00,13.9,9.4,10.5
6,2023-10-31T06:00:00,12.9,8.46,9.5
7,2023-10-31T07:00:00,10.4,5.64,11.0
8,2023-10-31T08:00:00,9.4,3.76,20.5
9,2023-10-31T09:00:00,11.9,6.58,24.0
10,2023-10-31T10:00:00,16.4,10.34,19.5
11,2023-10-31T11:00:00,16.4,9.87,18.5
12,2023-10-31T12:00:00,21.9,11.75,16.0
13,2023-10-31T13:00:00,17.4,9.87,16.5
14,2023-10-31T14:00:00,17.9,7.99,15.5
15,2023-10-31T15:00:00,13.4,7.05,16.5
16,2023-10-31T16:00:00,12.9,7.05,27.0
17,2023-10-31T17:00:00,11.4,5.64,20.5
18,2023-10-31T18:00:00,11.4,5.17,25.5
19,2023-10-31T19:00:00,13.4,7.05,31.5
20,2023-10-31T20:00:00,14.4,7.52,32.0
21,2023-10-31T21:00:00,13.9,7.99,22.5
22,2023-10-31T22:00:00,13.4,7.52,18.5
23,2023-10-31T23:00:00,14.9,7.99,-1.0
0,2023-11-01T00:00:00,13.9,7.05,-1.0
1,2023-11-01T01:00:00,13.4,6.58,13.0
