,sensor_id,local_date,lat,lon,co,no2,o3,pm10,pm25,so2
0,3036,2023-11-16T12:00:00+00:00,50.75,6.0500001907,208.6688232422,24.0513591766,35.9668769836,15.2380313873,5.5399718285,0.7269136310000001
1,3036,2023-11-16T13:00:00+00:00,50.75,6.0500001907,268.8740539551,27.2743339539,23.4844913483,13.0859031677,6.9433045387,1.2568080424999999
2,3036,2023-11-16T14:00:00+00:00,50.75,6.0500001907,300.7133178711,22.1638450623,17.4309368134,13.9587554932,8.6165847778,1.5420482159
3,3036,2023-11-16T15:00:00+00:00,50.75,6.0500001907,326.3175048828,22.7913398743,14.9799976349,13.4240779877,8.2293357849,1.531134367
4,3036,2023-11-16T16:00:00+00:00,50.75,6.0500001907,340.6200256348,33.2074279785,16.6871128082,13.6549911499,8.1397762299,1.523858428
5,3036,2023-11-16T17:00:00+00:00,50.75,6.0500001907,359.572845459,47.1120109558,13.7752590179,13.9697360992,8.946852684,2.3330812454
6,3036,2023-11-16T18:00:00+00:00,50.75,6.0500001907,322.27734375,37.4391517639,25.2423877716,14.0853290558,8.9532213211,4.8494257927
7,3036,2023-11-16T19:00:00+00:00,50.75,6.0500001907,305.8789672852,23.972234726,33.7480583191,19.4268989563,10.0985689163,5.9635567665
8,3036,2023-11-16T20:00:00+00:00,50.75,6.0500001907,357.0050354004,31.9490451813,12.6921644211,28.3186969757,12.0683670044,9.293671608
9,3036,2023-11-16T21:00:00+00:00,50.75,6.0500001907,372.408416748,31.4088420868,17.0614337921,24.5540390015,11.8899145126,4.6425156593
10,3036,2023-11-16T22:00:00+00:00,50.75,6.0500001907,332.6176452637,14.7338676453,32.0672836304,16.7578029633,11.3721618652,5.6309089661
11,3036,2023-11-16T23:00:00+00:00,50.75,6.0500001907,336.4703369141,15.2584114075,22.5307292938,25.408454895,18.3439464569,5.4626526833
12,3036,2023-11-17T00:00:00+00:00,50.75,6.0500001907,268.9849853516,15.1382837296,18.3929042816,27.4776496887,20.4412193298,1.4656506777
13,3036,2023-11-17T01:00:00+00:00,50.75,6.0500001907,197.5472412109,10.5156774521,29.0604248047,20.9437618256,18.5212745667,0.2316937745
14,3036,2023-11-17T02:00:00+00:00,50.75,6.0500001907,190.5138702393,11.6287136078,22.3811817169,18.3642520905,16.3691806793,0.1173248142
15,3036,2023-11-17T03:00:00+00:00,50.75,6.0500001907,187.227935791,11.1129875183,19.7870616913,28.5343227386,24.4849700928,0.0986801758
16,3036,2023-11-17T04:00:00+00:00,50.75,6.0500001907,188.3549499512,8.9196929932,22.1804523468,25.7763366699,22.6527786255,0.0909494683
17,3036,2023-11-17T05:00:00+00:00,50.75,6.0500001907,187.9083251953,9.1281528473,18.086774826,22.921503067,19.7918701172,0.1705302596
18,3036,2023-11-17T06:00:00+00:00,50.75,6.0500001907,228.5958404541,13.8536653519,14.5191192627,27.6694507599,24.7452831268,0.8321876526
19,3036,2023-11-17T07:00:00+00:00,50.75,6.0500001907,252.8361663818,15.2047510147,17.6824550629,26.2693309784,24.3536396027,2.3628671169
20,3036,2023-11-17T08:00:00+00:00,50.75,6.0500001907,301.5209350586,21.0415000916,12.7109375,29.9846973419,27.9610500336,2.9172041416
21,3036,2023-11-17T09:00:00+00:00,50.75,6.0500001907,322.2646179199,18.8565177917,16.8177375793,24.9242191315,24.2381324768,2.3592293262
22,3036,2023-11-17T10:00:00+00:00,50.75,6.0500001907,254.4628601074,14.1342144012,25.6700630188,10.9511213303,10.5470867157,0.6849632263000001
23,3036,2023-11-17T11:00:00+00:00,50.75,6.0500001907,200.2931976318,9.9985027313,33.0930290222,11.4496984482,10.3412752151,0.6475602388
24,3036,2023-11-17T12:00:00+00:00,50.75,6.0500001907,200.3089752197,10.6602802277,37.2283058167,11.4614439011,10.3800802231,0.7108837962
25,3036,2023-11-17T13:00:00+00:00,50.75,6.0500001907,206.3573455811,13.2737884521,35.8783950806,12.2265701294,10.8567419052,0.6224354506
26,3036,2023-11-17T14:00:00+00:00,50.75,6.0500001907,215.2643737793,16.3852005005,36.5120124817,15.1863965988,13.497505188,0.7362362742
27,3036,2023-11-17T15:00:00+00:00,50.75,6.0500001907,229.1231079102,20.1895313263,36.6032829285,16.4582691193,14.2974615097,1.2701092958
28,3036,2023-11-17T16:00:00+00:00,50.75,6.0500001907,246.5101776123,22.5345935822,31.1877746582,18.8103637695,15.0999088287,1.8110313416000001
29,3036,2023-11-17T17:00:00+00:00,50.75,6.0500001907,231.7207489014,19.9060821533,24.6804828644,18.579328537,13.0144538879,3.1031959057
30,3036,2023-11-17T18:00:00+00:00,50.75,6.0500001907,218.0651702881,13.3799171448,22.1727428436,18.1263599396,12.9724960327,3.8803591728
31,3036,2023-11-17T19:00:00+00:00,50.75,6.0500001907,225.1566467285,15.0174198151,19.8110923767,21.8685035706,16.3289794922,4.8898983002000005
32,3036,2023-11-17T20:00:00+00:00,50.75,6.0500001907,229.2090606689,14.1683998108,19.8876018524,26.9627227783,19.9550018311,4.591129303
33,3036,2023-11-17T21:00:00+00:00,50.75,6.0500001907,220.3174285889,11.3000173569,25.4479694366,29.4848556519,21.0050506592,3.3726336956000003
34,3036,2023-11-17T22:00:00+00:00,50.75,6.0500001907,210.6160125732,8.0073223114,32.4704589844,28.5973262787,19.0708045959,2.6275300980000003
35,3036,2023-11-17T23:00:00+00:00,50.75,6.0500001907,199.8053741455,7.7208428383,35.7293510437,25.4863567352,15.6878347397,1.7403180598999999
36,3036,2023-11-18T00:00:00+00:00,50.75,6.0500001907,181.9164581299,6.3005309105,39.6038322449,22.5570697784,12.4839849472,0.9669065475
37,3036,2023-11-18T01:00:00+00:00,50.75,6.0500001907,169.4386749268,4.1390676498,40.537651062,20.5246105194,9.5463829041,0.728164196
38,3036,2023-11-18T02:00:00+00:00,50.75,6.0500001907,167.4367980957,3.7982492447,39.0808944702,19.9867763519,8.130402565,0.8553797603000001
39,3036,2023-11-18T03:00:00+00:00,50.75,6.0500001907,167.4591827393,4.0374269485,36.5916137695,19.5720996857,6.9768791198999995,0.9619043469
40,3036,2023-11-18T04:00:00+00:00,50.75,6.0500001907,166.2446289062,4.3338375092,37.1436920166,19.3479499817,6.3446378708,0.7926246524
41,3036,2023-11-18T05:00:00+00:00,50.75,6.0500001907,165.230758667,4.7300572395,41.8144798279,18.4860363007,5.4139509201,0.5811671019
42,3036,2023-11-18T06:00:00+00:00,50.75,6.0500001907,175.9580230713,6.4251761436,43.4908485413,18.4972839355,5.6871805191,0.7053131461000001
43,3036,2023-11-18T07:00:00+00:00,50.75,6.0500001907,186.3134613037,0.9992504716,49.2363777161,20.2849998474,6.1196274757,0.5989022851
44,3036,2023-11-18T08:00:00+00:00,50.75,6.0500001907,187.545425415,1.8096299171,53.5326881409,17.8676280975,4.8908452988,0.632098794
45,3036,2023-11-18T09:00:00+00:00,50.75,6.0500001907,178.2741851807,2.9951581955,54.3990440369,16.5950241089,3.9630916119,0.5887841582000001
46,3036,2023-11-18T10:00:00+00:00,50.75,6.0500001907,177.0009307861,4.020963192,56.2415466309,11.8755970001,3.9376816750000003,0.22248514
47,3036,2023-11-18T11:00:00+00:00,50.75,6.0500001907,173.1944122314,3.5617504120000003,62.1114883423,8.0329065323,3.4313292503,0.2087858766
48,3036,2023-11-18T12:00:00+00:00,50.75,6.0500001907,168.9194641113,2.2367613316,64.2753753662,3.8205230236,2.2907643318,0.2028741688
49,3036,2023-11-18T13:00:00+00:00,50.75,6.0500001907,169.665725708,2.193103075,66.2476730347,2.886244297,1.9878757,0.1901980788
50,3036,2023-11-18T14:00:00+00:00,50.75,6.0500001907,160.5768890381,1.8304545879,69.9575958252,2.1395618916,1.5304551124999999,0.1637090445
51,3036,2023-11-18T15:00:00+00:00,50.75,6.0500001907,158.816986084,1.9817527533,69.8319168091,1.8734060526,1.4452198744,0.15711520610000002
52,3036,2023-11-18T16:00:00+00:00,50.75,6.0500001907,155.217666626,2.3060522079,67.2803955078,1.6209965944,1.3444677591,0.14028956
53,3036,2023-11-18T17:00:00+00:00,50.75,6.0500001907,146.2998809814,2.6374778748,63.0159263611,1.6654442549000001,1.3979737759,0.160071075
54,3036,2023-11-18T18:00:00+00:00,50.75,6.0500001907,144.6329345703,3.0383090973,55.3229789734,1.9864739180000002,1.5592622757,0.2703472972
55,3036,2023-11-18T19:00:00+00:00,50.75,6.0500001907,146.8512573242,2.7294905186,57.616104126,2.3505344391,1.8189588785000002,0.1755324751
56,3036,2023-11-18T20:00:00+00:00,50.75,6.0500001907,146.7610321045,3.229537487,46.2583007812,4.5112771988,2.6053283215,0.2996785045
57,3036,2023-11-18T21:00:00+00:00,50.75,6.0500001907,155.4092254639,3.9328598976,43.4593887329,6.4431633949,3.7690429688,0.31855052710000004
58,3036,2023-11-18T22:00:00+00:00,50.75,6.0500001907,134.4946594238,2.6321241856,49.5455207825,5.9716534615,3.1464445591,0.3183231354
59,3036,2023-11-18T23:00:00+00:00,50.75,6.0500001907,121.4933319092,2.5099852085,48.4900588989,3.9233970642,1.8607497215,0.2031583786
60,3036,2023-11-19T00:00:00+00:00,50.75,6.0500001907,115.4361953735,2.6010625362,50.0669288635,3.0681827068,1.6406140327,0.1102762297
61,3036,2023-11-19T01:00:00+00:00,50.75,6.0500001907,112.4076156616,2.3632793427,48.6628494263,2.0983862877,1.4355270863,0.1058424488
62,3036,2023-11-19T02:00:00+00:00,50.75,6.0500001907,115.5010452271,1.8488534689,49.6331100464,4.4481291771,2.4783530235,0.1308535486
63,3036,2023-11-19T03:00:00+00:00,50.75,6.0500001907,119.9635467529,1.7685232162000002,48.1567573547,5.6488747597,3.2945055962,0.2048636824
64,3036,2023-11-19T04:00:00+00:00,50.75,6.0500001907,120.6679916382,1.8745141029,57.7897987366,7.4682321548,3.6184277534,0.1391526908
65,3036,2023-11-19T05:00:00+00:00,50.75,6.0500001907,119.7888793945,1.7172530890000002,64.6312332153,10.94394207,3.9288935661,0.0919726491
66,3036,2023-11-19T06:00:00+00:00,50.75,6.0500001907,134.6762390137,2.0490019321,64.4910812378,24.8410549164,5.7414770126,0.1947455555
67,3036,2023-11-19T07:00:00+00:00,50.75,6.0500001907,154.5665283203,1.7113602161,72.1426925659,29.7726421356,6.4394931793,0.1506350636
68,3036,2023-11-19T08:00:00+00:00,50.75,6.0500001907,160.792755127,1.5780656338,68.6235656738,33.4607315063,6.5877113342,0.2147544324
69,3036,2023-11-19T09:00:00+00:00,50.75,6.0500001907,151.5931549072,1.1489993334,70.7565383911,37.1455764771,6.0777535439,0.2543174624
70,3036,2023-11-19T10:00:00+00:00,50.75,6.0500001907,146.6379699707,1.1384602785,71.4462509155,39.4377784729,6.0861372948,0.2146975994
71,3036,2023-11-19T11:00:00+00:00,50.75,6.0500001907,146.0010986328,1.4631356001,74.0037536621,30.4100494385,5.4605135918,0.1617195308
72,3036,2023-11-19T12:00:00+00:00,50.75,6.0500001907,148.3547515869,1.7892794609,72.9323501587,23.490819931,5.0548858643,0.1642774791
73,3036,2023-11-19T13:00:00+00:00,50.75,6.0500001907,146.713394165,1.34113276,70.3481140137,26.7489452362,5.0911178589,0.21600499750000002
74,3036,2023-11-19T14:00:00+00:00,50.75,6.0500001907,148.2169189453,1.8432527781,72.1851272583,22.5329151154,5.0355701447,0.1060698181
75,3036,2023-11-19T15:00:00+00:00,50.75,6.0500001907,153.6510467529,2.2546160221,66.0679321289,26.5826454163,5.640707016,0.1880380362
76,3036,2023-11-19T16:00:00+00:00,50.75,6.0500001907,159.2333831787,2.5963406562999998,70.704498291,23.532207489,6.0355472565,0.0968611836
77,3036,2023-11-19T17:00:00+00:00,50.75,6.0500001907,159.2755279541,2.2905819416,68.4440841675,22.9790401459,6.5444259644,0.1398348063
78,3036,2023-11-19T18:00:00+00:00,50.75,6.0500001907,157.4520874023,2.0732851028,71.8831863403,20.1898727417,6.5931062698,0.12209966030000001
79,3036,2023-11-19T19:00:00+00:00,50.75,6.0500001907,155.1650238037,2.0327091217,74.056022644,16.1790142059,5.5751080513,0.0950421989
80,3036,2023-11-19T20:00:00+00:00,50.75,6.0500001907,153.2877655029,1.9179011583,72.8566589355,11.8274488449,4.5608897209,0.07298695300000001
81,3036,2023-11-19T21:00:00+00:00,50.75,6.0500001907,152.9223175049,1.7083566189,72.7547454834,9.4358797073,3.8453364372000003,0.0718500838
82,3036,2023-11-19T22:00:00+00:00,50.75,6.0500001907,146.7481231689,1.4373875856,72.4005203247,12.2661361694,3.9831774235,0.0626414493
83,3036,2023-11-19T23:00:00+00:00,50.75,6.0500001907,137.3978729248,1.3893600702,71.6240844727,13.0725164413,3.83826828,0.0273985285
84,3036,2023-11-20T00:00:00+00:00,50.75,6.0500001907,158.154876709,3.5471050739,62.1220207214,5.6859617233,2.6859793663,1.3439356089
85,3036,2023-11-20T01:00:00+00:00,50.75,6.0500001907,156.1248626709,3.1201460361,62.8644294739,6.3705554008,2.0643398762,0.9655778408000001
86,3036,2023-11-20T02:00:00+00:00,50.75,6.0500001907,154.8368988037,3.0491485596,66.2918624878,6.043592453,2.0861535072,0.6774740815
87,3036,2023-11-20T03:00:00+00:00,50.75,6.0500001907,153.8028869629,3.1803026199,67.0345077515,5.9271769524,2.1484253407000002,0.5457820892
88,3036,2023-11-20T04:00:00+00:00,50.75,6.0500001907,153.0420074463,3.1762251854,67.0714492798,6.3137121201,2.2006502151,0.48485305910000004
89,3036,2023-11-20T05:00:00+00:00,50.75,6.0500001907,154.2155303955,3.1743907928,62.3782997131,8.3364286423,2.4260628223,0.6967723966
90,3036,2023-11-20T06:00:00+00:00,50.75,6.0500001907,157.3982543945,4.2942218781,60.624130249,9.3336896896,2.8266811371,0.7631157637
91,3036,2023-11-20T07:00:00+00:00,50.75,6.0500001907,164.3585510254,7.8250293732,57.3891601562,8.0340213776,3.116042614,0.7926530838
92,3036,2023-11-20T08:00:00+00:00,50.75,6.0500001907,168.4415130615,10.8425130844,57.8880577087,4.6888999939,2.9083509445,0.5336459875
93,3036,2023-11-20T09:00:00+00:00,50.75,6.0500001907,165.173828125,9.815366745,59.1809921265,3.5076937675,2.6189184189,0.48950710890000004
94,3036,2023-11-20T10:00:00+00:00,50.75,6.0500001907,162.5586090088,8.4838590622,59.6218185425,3.4751791954,2.5641212463,0.4614619911
95,3036,2023-11-20T11:00:00+00:00,50.75,6.0500001907,162.4767303467,7.5385174751,59.1448402405,4.3303318024,2.8302338123,0.49482905860000004
0,4463,2023-11-16T12:00:00+00:00,49.75,5.6500000954,196.0216217041,7.8500528336,51.6267127991,3.3595204353,2.7898020744,0.5568381548
1,4463,2023-11-16T13:00:00+00:00,49.75,5.6500000954,168.708694458,6.0420465469,57.1252555847,3.7421813011,3.2449014187,0.3539071381
2,4463,2023-11-16T14:00:00+00:00,49.75,5.6500000954,158.5179138184,3.8932769299,64.7492294312,3.0318315029,2.5823717117,0.09185896810000001
3,4463,2023-11-16T15:00:00+00:00,49.75,5.6500000954,207.4742889404,8.0606098175,60.6824226379,2.6971561909,2.2972698212,0.2801243663
4,4463,2023-11-16T16:00:00+00:00,49.75,5.6500000954,170.7632751465,4.5142059326,63.7285003662,2.3574750423,2.0701498985,0.0718500838
5,4463,2023-11-16T17:00:00+00:00,49.75,5.6500000954,159.8591918945,2.4051191807,63.8108024597,1.7372601032000001,1.5644845963,0.0632098839
6,4463,2023-11-16T18:00:00+00:00,49.75,5.6500000954,171.3803710938,4.254360199,50.4533081055,1.8523985147,1.7337660789,0.0886757299
7,4463,2023-11-16T19:00:00+00:00,49.75,5.6500000954,167.855178833,6.3231906891000005,46.4462966919,2.0274143219,1.7988615036,0.1064108834
8,4463,2023-11-16T20:00:00+00:00,49.75,5.6500000954,161.2115325928,4.3119916916,59.834690094,1.8864512444,1.7317609787000001,0.1200532988
9,4463,2023-11-16T21:00:00+00:00,49.75,5.6500000954,168.6918334961,6.6882791519,60.4702720642,2.1403958797,2.0441236496,0.1675744057
10,4463,2023-11-16T22:00:00+00:00,49.75,5.6500000954,160.3834533691,4.2698326111,57.518371582,2.7251517773,2.3623952866,0.6568825245000001
11,4463,2023-11-16T23:00:00+00:00,49.75,5.6500000954,172.6021270752,4.3779416084000005,47.3135147095,5.7520027161,3.5063946247,2.2837412357
12,4463,2023-11-17T00:00:00+00:00,49.75,5.6500000954,260.0514831543,14.8162231445,34.1812057495,12.4837779999,7.4488325119,5.9142165184
13,4463,2023-11-17T01:00:00+00:00,49.75,5.6500000954,351.4305419922,20.4950942993,28.1910762787,19.645401001,12.7130718231,7.4073796272
14,4463,2023-11-17T02:00:00+00:00,49.75,5.6500000954,241.1158905029,8.5732526779,33.422203064,25.3836765289,16.7068595886,3.5388438702
15,4463,2023-11-17T03:00:00+00:00,49.75,5.6500000954,190.9850616455,5.2484807968,43.3985862732,20.9543094635,13.5606613159,0.7682956457
16,4463,2023-11-17T04:00:00+00:00,49.75,5.6500000954,196.0015258789,11.5943031311,33.7105789185,24.4934387207,14.0219583511,1.6739250422
17,4463,2023-11-17T05:00:00+00:00,49.75,5.6500000954,190.9696807861,5.4065575599999995,49.925163269,17.4221858978,7.6110067368,1.5925252438
18,4463,2023-11-17T06:00:00+00:00,49.75,5.6500000954,194.116897583,4.0568723679,51.2536277771,11.7348766327,4.2565846443,2.7948772907
19,4463,2023-11-17T07:00:00+00:00,49.75,5.6500000954,165.5406036377,2.7982914448000002,54.835483551,7.009531498,4.4637861252,0.9283667207
20,4463,2023-11-17T08:00:00+00:00,49.75,5.6500000954,164.7547607422,2.7636702061,56.0913505554,8.8474731445,5.5895271301000005,0.8501501679
21,4463,2023-11-17T09:00:00+00:00,49.75,5.6500000954,172.7832489014,3.2061181068,49.7972145081,8.5163106918,5.1617946625,0.6061782241
22,4463,2023-11-17T10:00:00+00:00,49.75,5.6500000954,172.8968963623,3.2870342731,51.3225440979,3.6381313801,2.2291615009,0.33617198470000004
23,4463,2023-11-17T11:00:00+00:00,49.75,5.6500000954,178.7761535645,3.6695921421,60.8404273987,2.2422869205,1.7355802059,0.19451817870000002
24,4463,2023-11-17T12:00:00+00:00,49.75,5.6500000954,182.0669555664,4.132019043,59.2243537903,2.9708852768,2.4178800583,0.3343529999
25,4463,2023-11-17T13:00:00+00:00,49.75,5.6500000954,170.2914428711,4.6243658066,63.1129417419,3.9740991592,3.3474140167,0.29183411600000003
26,4463,2023-11-17T14:00:00+00:00,49.75,5.6500000954,167.504989624,4.6525769234,59.9403419495,4.3877387047,3.5697455406,0.1732590795
27,4463,2023-11-17T15:00:00+00:00,49.75,5.6500000954,164.3479766846,2.6660699844,61.4103622437,7.5648889542,3.8005292416,0.171439752
28,4463,2023-11-17T16:00:00+00:00,49.75,5.6500000954,166.0121765137,3.4968793392,46.9595413208,12.0056381226,5.1548700333,0.2657998204
29,4463,2023-11-17T17:00:00+00:00,49.75,5.6500000954,160.5923461914,4.7441802025,46.4805641174,14.5521993637,5.3455944061,0.1482476294
30,4463,2023-11-17T18:00:00+00:00,49.75,5.6500000954,156.5910491943,4.7165970802,49.9226608276,15.4612007141,5.409365654,0.1773514599
31,4463,2023-11-17T19:00:00+00:00,49.75,5.6500000954,157.0279998779,4.7170658112,46.9698524475,16.170917511,5.9081606865000005,0.2519300282
32,4463,2023-11-17T20:00:00+00:00,49.75,5.6500000954,157.1395721436,4.6802101135,41.9194908142,17.323387146,6.6798467636000005,0.2939941585
33,4463,2023-11-17T21:00:00+00:00,49.75,5.6500000954,157.5903778076,4.3839221001,39.6944618225,18.5127105713,7.4158067703,0.3535660505
34,4463,2023-11-17T22:00:00+00:00,49.75,5.6500000954,160.0518493652,4.313750267,36.3014068604,19.8894252777,8.3379716873,0.2000888288
35,4463,2023-11-17T23:00:00+00:00,49.75,5.6500000954,159.5579528809,4.223608017,32.6714782715,19.919708252,8.116235733,0.0959516913
36,4463,2023-11-18T00:00:00+00:00,49.75,5.6500000954,156.048614502,3.9978039265,30.5668869019,20.3494987488,9.2931928635,0.0511590764
37,4463,2023-11-18T01:00:00+00:00,49.75,5.6500000954,161.2362823486,4.2862067223,55.220199585,19.7923259735,9.7509908676,0.0798081607
38,4463,2023-11-18T02:00:00+00:00,49.75,5.6500000954,157.7614746094,3.4644789696,57.5680160522,18.3615093231,8.1137609482,0.0460431688
39,4463,2023-11-18T03:00:00+00:00,49.75,5.6500000954,155.9356536865,3.3516397476,57.3460922241,18.8847789764,7.5656199455,0.0250111036
40,4463,2023-11-18T04:00:00+00:00,49.75,5.6500000954,156.4185638428,3.2686061859,56.8019714355,19.91223526,7.5648384094,0.027284842
41,4463,2023-11-18T05:00:00+00:00,49.75,5.6500000954,158.7201385498,3.0751607418,57.837348938,19.3962554932,7.4054884911,0.0441104919
42,4463,2023-11-18T06:00:00+00:00,49.75,5.6500000954,161.9388427734,3.1613404751,58.2332038879,23.1026229858,8.7842512131,0.0663931146
43,4463,2023-11-18T07:00:00+00:00,49.75,5.6500000954,164.0648345947,3.5498857498,56.852684021,23.860622406,9.5459213257,0.0337649919
44,4463,2023-11-18T08:00:00+00:00,49.75,5.6500000954,167.054397583,3.9476315975,62.8494377136,24.5196723938,10.4953784943,0.030695445800000002
45,4463,2023-11-18T09:00:00+00:00,49.75,5.6500000954,163.2592163086,3.0383093357,58.272228241,15.5247478485,6.7034988403,0.0060254023000000006
46,4463,2023-11-18T10:00:00+00:00,49.75,5.6500000954,157.0755462646,1.8981243372,65.2231521606,8.4564085007,4.1602807045,0.1288071871
47,4463,2023-11-18T11:00:00+00:00,49.75,5.6500000954,153.1177062988,1.6473991871,67.2886657715,5.7815666198999995,3.2031171322,0.1284661293
48,4463,2023-11-18T12:00:00+00:00,49.75,5.6500000954,151.7342834473,1.8224865198,69.5819473267,5.1276941299,2.9153029919,0.1484750062
49,4463,2023-11-18T13:00:00+00:00,49.75,5.6500000954,150.3007659912,2.2045853138,69.0344314575,4.4401159286,2.7052395344,0.131763041
50,4463,2023-11-18T14:00:00+00:00,49.75,5.6500000954,150.5433502197,2.4386649132000002,69.353729248,3.6213560104,2.5907268524,0.1268745065
51,4463,2023-11-18T15:00:00+00:00,49.75,5.6500000954,149.2772979736,2.6147327423,67.9053878784,2.4843022823,2.1157445908,0.06775735320000001
52,4463,2023-11-18T16:00:00+00:00,49.75,5.6500000954,145.1879882812,3.4481360912,64.7427825928,2.4575042725,2.1533069611,0.07298695300000001
53,4463,2023-11-18T17:00:00+00:00,49.75,5.6500000954,141.0018463135,3.1505322456,62.0800895691,2.3002715111,2.0744671822,0.0716227069
54,4463,2023-11-18T18:00:00+00:00,49.75,5.6500000954,142.3878479004,4.1160178185,54.2228393555,1.8049160242000002,1.7025361061000002,0.068666853
55,4463,2023-11-18T19:00:00+00:00,49.75,5.6500000954,139.9875335693,2.1405925751,56.9309997559,1.76078403,1.5694162846,0.0638919994
56,4463,2023-11-18T20:00:00+00:00,49.75,5.6500000954,132.8103027344,2.1341435909,55.6128921509,2.0908277035,1.8545973301,0.0579802878
57,4463,2023-11-18T21:00:00+00:00,49.75,5.6500000954,132.8411407471,2.7166948318,54.0491943359,1.7647796868999999,1.5045719147,0.1109583527
58,4463,2023-11-18T22:00:00+00:00,49.75,5.6500000954,130.3724822998,2.4284470081,53.2440223694,2.459184885,1.9703685045000001,0.0741238147
59,4463,2023-11-18T23:00:00+00:00,49.75,5.6500000954,121.1586380005,1.4067680836,58.8369827271,1.7284457683999999,1.2771098614,0.017735146
60,4463,2023-11-19T00:00:00+00:00,49.75,5.6500000954,118.6143112183,1.2277183533,56.6187820435,3.4014556408,2.441423893,0.008867573
61,4463,2023-11-19T01:00:00+00:00,49.75,5.6500000954,113.9539794922,1.4548078775,58.0910110474,2.0965673923,1.5140562057,0.0063664629000000006
62,4463,2023-11-19T02:00:00+00:00,49.75,5.6500000954,113.9508132935,1.5856329203000001,44.2655906677,4.2775988579,2.7603533268,0.0433146842
63,4463,2023-11-19T03:00:00+00:00,49.75,5.6500000954,109.6483459473,1.8182682991,42.8293190002,3.490871191,1.7805806398000001,0.0356976688
64,4463,2023-11-19T04:00:00+00:00,49.75,5.6500000954,108.5548858643,1.2625875473,51.8458747864,3.5242092609,1.6056023836,0.0286490824
65,4463,2023-11-19T05:00:00+00:00,49.75,5.6500000954,112.4353866577,1.1090782881,56.3043174744,4.7566494942,2.229616642,0.0351292342
66,4463,2023-11-19T06:00:00+00:00,49.75,5.6500000954,115.1374588013,1.0538300276,67.1532974243,4.9645032882999995,2.2629585266,0.0534328148
67,4463,2023-11-19T07:00:00+00:00,49.75,5.6500000954,120.2751617432,1.2779433727,65.2795715332,7.9399952888000005,3.442438364,0.0489990264
68,4463,2023-11-19T08:00:00+00:00,49.75,5.6500000954,127.2155151367,1.0191385746,60.5886878967,9.974852562,3.4782912731,0.0799218491
69,4463,2023-11-19T09:00:00+00:00,49.75,5.6500000954,127.1079101562,0.8229739070000001,69.4623718262,10.5937871933,3.4938790798,0.0698605627
70,4463,2023-11-19T10:00:00+00:00,49.75,5.6500000954,131.6716156006,0.7472000122,68.8698806763,11.4307994843,3.5134613514,0.0879936144
71,4463,2023-11-19T11:00:00+00:00,49.75,5.6500000954,134.2715759277,0.8174157143,70.6636810303,12.2092418671,3.7167847157000002,0.0911768451
72,4463,2023-11-19T12:00:00+00:00,49.75,5.6500000954,137.533416748,0.7932975292000001,71.8706359863,14.3303890228,3.912617445,0.1197690815
73,4463,2023-11-19T13:00:00+00:00,49.75,5.6500000954,139.3283996582,0.8809284568,72.649772644,15.4039077759,4.1180152893,0.1479065716
74,4463,2023-11-19T14:00:00+00:00,49.75,5.6500000954,140.6446838379,1.105581522,67.2376327515,16.5957336426,3.9014303684,0.1238049641
75,4463,2023-11-19T15:00:00+00:00,49.75,5.6500000954,141.5058746338,1.5002470016,63.0451583862,15.4758958817,3.7341787815,0.0844693184
76,4463,2023-11-19T16:00:00+00:00,49.75,5.6500000954,143.1072387695,2.3900132179,63.9444198608,13.6787414551,3.5398936272,0.0632098839
77,4463,2023-11-19T17:00:00+00:00,49.75,5.6500000954,145.8151245117,3.2810359001,59.6159477234,13.4170684814,3.4969649315,0.0688942224
78,4463,2023-11-19T18:00:00+00:00,49.75,5.6500000954,144.7231445312,3.1515905857,62.0315666199,14.7156238556,3.6595592499,0.0741238147
79,4463,2023-11-19T19:00:00+00:00,49.75,5.6500000954,145.9495697021,2.7067654133,64.709274292,14.0744438171,3.6875936985,0.0536601879
80,4463,2023-11-19T20:00:00+00:00,49.75,5.6500000954,146.1816558838,1.6212141514,69.8784637451,16.504070282,3.9348449707,0.033878676600000004
81,4463,2023-11-19T21:00:00+00:00,49.75,5.6500000954,145.6783599854,1.665887475,72.1451797485,15.5540504456,4.1496763228999995,0.0252384786
82,4463,2023-11-19T22:00:00+00:00,49.75,5.6500000954,144.6714019775,1.530120492,72.410369873,14.7672472,4.1137752533,0.0137561075
83,4463,2023-11-19T23:00:00+00:00,49.75,5.6500000954,142.7732696533,1.2653561831,72.7710876465,13.9247131348,3.8799488544000003,0.0052295947
84,4463,2023-11-20T00:00:00+00:00,49.75,5.6500000954,150.3908538818,2.4177114964,60.1139678955,7.1592297554,3.6903457642,0.9562528729
85,4463,2023-11-20T01:00:00+00:00,49.75,5.6500000954,149.1246032715,2.1541523933,60.66173172,4.9392385483000005,2.2016308308,0.6496527791000001
86,4463,2023-11-20T02:00:00+00:00,49.75,5.6500000954,149.6529998779,2.0775594711,60.9720077515,4.7784852982,2.025146246,0.6224496365000001
87,4463,2023-11-20T03:00:00+00:00,49.75,5.6500000954,149.7294921875,1.9616081715,61.5926094055,4.9117259979,1.9732055663999999,0.5834266543000001
88,4463,2023-11-20T04:00:00+00:00,49.75,5.6500000954,149.401184082,1.8186765909,62.1113128662,4.4042282104,1.9150406121999999,0.5040590167
89,4463,2023-11-20T05:00:00+00:00,49.75,5.6500000954,149.0311279297,1.7155327797000002,62.6660385132,3.7166500092,1.8891626596000002,0.4031335413
90,4463,2023-11-20T06:00:00+00:00,49.75,5.6500000954,149.6616973877,1.8077983856,62.5427322388,3.9931364059,2.1991510391,0.3033022583
91,4463,2023-11-20T07:00:00+00:00,49.75,5.6500000954,150.2032928467,2.183860302,62.2922019958,4.3701219559,2.528693676,0.2097806334
92,4463,2023-11-20T08:00:00+00:00,49.75,5.6500000954,150.1005401611,2.1790072918,62.8347930908,4.2791724205,2.5470399857,0.1690025926
93,4463,2023-11-20T09:00:00+00:00,49.75,5.6500000954,149.5947570801,2.1183481216,63.6365776062,4.1470685005,2.5300152302,0.1384137273
94,4463,2023-11-20T10:00:00+00:00,49.75,5.6500000954,149.7335968018,2.7500917912,62.4250869751,4.1241035461,2.5690951347,0.1294466704
95,4463,2023-11-20T11:00:00+00:00,49.75,5.6500000954,149.9511566162,3.3824534416,60.8438949585,4.4972238541,2.8684325218,0.151437968
0,4861,2023-11-16T12:00:00+00:00,51.25,4.3499999046,216.4570465088,44.4757728577,25.2345504761,32.4792938232,10.984462738,8.7304668427
1,4861,2023-11-16T13:00:00+00:00,51.25,4.3499999046,206.5688018799,38.0942764282,32.8427848816,26.0316772461,10.7953271866,4.6870808601
2,4861,2023-11-16T14:00:00+00:00,51.25,4.3499999046,200.2773590088,38.0544929504,37.7779312134,25.5310821533,10.7202177048,4.8839864731
3,4861,2023-11-16T15:00:00+00:00,51.25,4.3499999046,250.0199737549,57.3687515259,12.879655838,44.8898658752,19.9877376556,9.4917144775
4,4861,2023-11-16T16:00:00+00:00,51.25,4.3499999046,307.7672729492,57.0327224731,6.8365397453,54.436050415,24.9711112976,8.6729412079
5,4861,2023-11-16T17:00:00+00:00,51.25,4.3499999046,333.608581543,59.1111030579,2.547711134,53.1879425049,23.2856044769,13.3306913376
6,4861,2023-11-16T18:00:00+00:00,51.25,4.3499999046,324.8107299805,52.6544151306,1.2547081709,47.1852493286,22.1556720734,19.9775066376
7,4861,2023-11-16T19:00:00+00:00,51.25,4.3499999046,320.2673950195,42.9518547058,1.0,39.6750946045,21.7811985016,21.0889091492
8,4861,2023-11-16T20:00:00+00:00,51.25,4.3499999046,307.1672363281,36.6453056335,1.0,34.1075134277,19.1870937347,21.533197403
9,4861,2023-11-16T21:00:00+00:00,51.25,4.3499999046,271.8819580078,31.3188438416,1.0,31.6902160645,17.9042606354,25.9055919647
10,4861,2023-11-16T22:00:00+00:00,51.25,4.3499999046,213.362197876,26.6383991241,1.0,30.4318847656,18.0768432617,31.7772903442
11,4861,2023-11-16T23:00:00+00:00,51.25,4.3499999046,186.3377685547,25.0097293854,1.0,31.0745773315,19.3137531281,29.6515731812
12,4861,2023-11-17T00:00:00+00:00,51.25,4.3499999046,243.0159606934,34.0860862732,1.0,37.8985824585,25.2909011841,52.7700195312
13,4861,2023-11-17T01:00:00+00:00,51.25,4.3499999046,185.1003417969,26.4233932495,1.0,31.5354537964,23.4025325775,17.8768005371
14,4861,2023-11-17T02:00:00+00:00,51.25,4.3499999046,186.7408294678,28.8678588867,2.5536584854,22.8844413757,17.5889282227,17.9256858826
15,4861,2023-11-17T03:00:00+00:00,51.25,4.3499999046,201.6684417725,26.8994140625,7.1310243607,22.622209549,19.3056545258,22.0566101074
16,4861,2023-11-17T04:00:00+00:00,51.25,4.3499999046,213.084564209,24.6847877502,14.4050559998,23.0704193115,20.3537464142,28.2157096863
17,4861,2023-11-17T05:00:00+00:00,51.25,4.3499999046,211.3705596924,26.1062164307,13.0515928268,28.9513950348,24.6960353851,28.5272102356
18,4861,2023-11-17T06:00:00+00:00,51.25,4.3499999046,245.5588226318,39.3481941223,2.0440499783,47.3386383057,37.1260643005,70.6209030151
19,4861,2023-11-17T07:00:00+00:00,51.25,4.3499999046,258.6846923828,37.0403556824,1.2502744198,65.570640564,48.2030906677,67.6564025879
20,4861,2023-11-17T08:00:00+00:00,51.25,4.3499999046,320.1928710938,33.3551979065,9.4734630585,67.1419296265,49.0953216553,86.9481506348
21,4861,2023-11-17T09:00:00+00:00,51.25,4.3499999046,259.4840087891,15.2280397415,30.2351131439,25.1335163116,20.9190177917,40.9227142334
22,4861,2023-11-17T10:00:00+00:00,51.25,4.3499999046,337.6423950195,40.9942321777,24.4618854523,22.8238639832,18.3901424408,33.8990287781
23,4861,2023-11-17T11:00:00+00:00,51.25,4.3499999046,396.2931518555,55.2613372803,10.4534492493,30.2203884125,22.5518665314,36.2158508301
24,4861,2023-11-17T12:00:00+00:00,51.25,4.3499999046,381.0148620605,47.4633750916,11.1827306747,31.3460083008,23.9310665131,33.8042144775
25,4861,2023-11-17T13:00:00+00:00,51.25,4.3499999046,374.1761474609,41.5865287781,16.1499214172,29.1093215942,21.8972110748,33.0205688477
26,4861,2023-11-17T14:00:00+00:00,51.25,4.3499999046,335.0439147949,43.0636634827,17.5437355042,27.5209064484,18.0612354279,32.4944267273
27,4861,2023-11-17T15:00:00+00:00,51.25,4.3499999046,378.5635375977,64.0012435913,6.4137172699,39.1444206238,20.9803714752,22.7664718628
28,4861,2023-11-17T16:00:00+00:00,51.25,4.3499999046,333.0517883301,57.3042488098,3.7976763248000003,48.3614349365,20.3073348999,36.4086647034
29,4861,2023-11-17T17:00:00+00:00,51.25,4.3499999046,286.8611450195,55.1437721252,1.4252598286,41.9873352051,17.3447856903,32.7102050781
30,4861,2023-11-17T18:00:00+00:00,51.25,4.3499999046,292.2562866211,63.6989898682,1.0,38.1976585388,16.2548046112,30.7529716492
31,4861,2023-11-17T19:00:00+00:00,51.25,4.3499999046,330.7526245117,38.7751998901,8.5227918625,39.8282928467,17.6535434723,34.176990509
32,4861,2023-11-17T20:00:00+00:00,51.25,4.3499999046,309.2571105957,14.5249357224,37.8490180969,39.1551246643,18.6827316284,29.5583496094
33,4861,2023-11-17T21:00:00+00:00,51.25,4.3499999046,276.3701477051,24.2478256226,32.4701042175,42.0358810425,23.2345905304,24.9531230927
34,4861,2023-11-17T22:00:00+00:00,51.25,4.3499999046,246.9787445068,21.1898365021,37.7770347595,42.6892051697,24.1148910522,28.7670898438
35,4861,2023-11-17T23:00:00+00:00,51.25,4.3499999046,228.6362457275,23.1455039978,36.9177894592,44.2180519104,26.2467556,30.2009086609
36,4861,2023-11-18T00:00:00+00:00,51.25,4.3499999046,225.6918029785,23.2710895538,36.8658905029,41.940788269,26.2599868774,29.1056499481
37,4861,2023-11-18T01:00:00+00:00,51.25,4.3499999046,209.7535095215,22.2433128357,38.2804832458,38.5983161926,24.4534854889,27.4767436981
38,4861,2023-11-18T02:00:00+00:00,51.25,4.3499999046,198.3689422607,24.6026268005,35.4753875732,38.4100379944,23.2574729919,29.1349811554
39,4861,2023-11-18T03:00:00+00:00,51.25,4.3499999046,198.3850708008,25.9290485382,32.6121139526,39.7107276917,24.2655906677,29.811416626
40,4861,2023-11-18T04:00:00+00:00,51.25,4.3499999046,194.5154724121,23.7538928986,31.813243866,38.9219398499,22.6836662292,28.8973751068
41,4861,2023-11-18T05:00:00+00:00,51.25,4.3499999046,188.2264251709,32.3409347534,25.1293544769,33.8676795959,17.2364864349,28.7818698883
42,4861,2023-11-18T06:00:00+00:00,51.25,4.3499999046,199.8675079346,40.628528595,22.3131122589,33.0225105286,15.67689991,25.4171943665
43,4861,2023-11-18T07:00:00+00:00,51.25,4.3499999046,223.5958099365,36.8883666992,24.9250240326,35.9704856873,16.7007026672,21.6019763947
44,4861,2023-11-18T08:00:00+00:00,51.25,4.3499999046,237.8944854736,28.5422515869,38.6385803223,24.3449058533,14.3754253387,11.4948759079
45,4861,2023-11-18T09:00:00+00:00,51.25,4.3499999046,230.8115997314,35.0439605713,33.3742980957,18.9108810425,12.4776525497,8.8723478317
46,4861,2023-11-18T10:00:00+00:00,51.25,4.3499999046,223.0154418945,30.7545852661,42.0512886047,15.6531839371,11.0766324997,7.9181747437
47,4861,2023-11-18T11:00:00+00:00,51.25,4.3499999046,212.6158294678,25.9497146606,48.8399429321,12.7797870636,9.6429786682,7.7250204086
48,4861,2023-11-18T12:00:00+00:00,51.25,4.3499999046,199.8455810547,21.2536125183,52.6294517517,10.3516044617,7.727666378,6.7550444603
49,4861,2023-11-18T13:00:00+00:00,51.25,4.3499999046,187.4274749756,18.1511173248,56.2810897827,7.8072924614,5.7841916084000005,6.2614164352
50,4861,2023-11-18T14:00:00+00:00,51.25,4.3499999046,184.3356170654,17.8929977417,53.5032920837,6.8735952377,5.2167220116,6.0581440926
51,4861,2023-11-18T15:00:00+00:00,51.25,4.3499999046,190.1709136963,20.2760810852,49.7999649048,7.4657177925,5.692843914,5.7900705338
52,4861,2023-11-18T16:00:00+00:00,51.25,4.3499999046,186.3203277588,17.8202705383,46.5248374939,8.802366256700001,6.5192937851,5.7866601944
53,4861,2023-11-18T17:00:00+00:00,51.25,4.3499999046,187.8160400391,16.7111415863,46.9845657349,9.480050087,6.5160698891,5.7825675011
54,4861,2023-11-18T18:00:00+00:00,51.25,4.3499999046,168.3302764893,15.8455152512,39.7361450195,11.697432518,6.9664068222,9.1642961502
55,4861,2023-11-18T19:00:00+00:00,51.25,4.3499999046,142.9399871826,15.0441045761,36.3029212952,14.489900589,7.7758927345,7.7577624321
56,4861,2023-11-18T20:00:00+00:00,51.25,4.3499999046,138.9716644287,19.5781669617,36.1260948181,25.4068031311,9.3972644806,6.403069973
57,4861,2023-11-18T21:00:00+00:00,51.25,4.3499999046,145.7787017822,20.388999939,38.9892921448,28.9693565369,9.7041778564,6.8184819221
58,4861,2023-11-18T22:00:00+00:00,51.25,4.3499999046,148.1204833984,21.2908058167,35.4264373779,29.4633331299,8.776386261,4.5483832359
59,4861,2023-11-18T23:00:00+00:00,51.25,4.3499999046,139.4541473389,16.3669757843,42.2837104797,28.9394454956,7.4018316269,1.8020501137
60,4861,2023-11-19T00:00:00+00:00,51.25,4.3499999046,135.6501617432,12.7398319244,43.9653015137,30.6558837891,6.5526666641,0.6833716035
61,4861,2023-11-19T01:00:00+00:00,51.25,4.3499999046,142.36277771,11.5037717819,51.0541992188,35.6480522156,6.9628815651,0.45781689880000004
62,4861,2023-11-19T02:00:00+00:00,51.25,4.3499999046,151.3908996582,12.0612068176,51.9702186584,35.3756103516,7.3634905815,0.7090647817
63,4861,2023-11-19T03:00:00+00:00,51.25,4.3499999046,155.8914794922,13.0850172043,50.0100517273,32.4610023499,7.2941789627,1.1751807928
64,4861,2023-11-19T04:00:00+00:00,51.25,4.3499999046,158.1505432129,13.1699829102,52.1694831848,30.831785202,7.0335235596,1.9813342094
65,4861,2023-11-19T05:00:00+00:00,51.25,4.3499999046,162.5023956299,16.763469696,52.8133354187,28.636341095,7.4016857147,2.5318059921
66,4861,2023-11-19T06:00:00+00:00,51.25,4.3499999046,178.9624938965,24.1393203735,48.0214195251,31.4744529724,10.5854167938,3.2210891247
67,4861,2023-11-19T07:00:00+00:00,51.25,4.3499999046,197.8281097412,24.0309848785,47.7849235535,38.7777786255,14.5463171005,4.8689799309
68,4861,2023-11-19T08:00:00+00:00,51.25,4.3499999046,204.4542388916,19.0809211731,53.7372093201,43.6588973999,15.5290088654,7.8690619469000005
69,4861,2023-11-19T09:00:00+00:00,51.25,4.3499999046,183.4958953857,17.6068820953,59.2640113831,44.443359375,12.7944850922,6.5000448227
70,4861,2023-11-19T10:00:00+00:00,51.25,4.3499999046,166.7945861816,11.9421625137,66.7386322021,39.2140426636,9.7657251358,4.8840432167
71,4861,2023-11-19T11:00:00+00:00,51.25,4.3499999046,168.0859680176,15.8460979462,66.6640701294,29.5933227539,8.4249544144,3.2284789085
72,4861,2023-11-19T12:00:00+00:00,51.25,4.3499999046,167.80418396,18.5215797424,64.201385498,31.2706375122,8.4447994232,3.3509764671
73,4861,2023-11-19T13:00:00+00:00,51.25,4.3499999046,162.6443328857,15.4349031448,67.1480331421,34.6124343872,7.7966938019,4.2326745987
74,4861,2023-11-19T14:00:00+00:00,51.25,4.3499999046,167.5683441162,26.0612487793,54.8643455505,30.6237773895,8.8133840561,6.3133711815
75,4861,2023-11-19T15:00:00+00:00,51.25,4.3499999046,172.9673461914,28.8294754028,50.1266098022,27.3084220886,9.9041900635,7.4096531868
76,4861,2023-11-19T16:00:00+00:00,51.25,4.3499999046,174.6183929443,28.2870769501,48.9858894348,24.6990890503,10.6583099365,8.397819519
77,4861,2023-11-19T17:00:00+00:00,51.25,4.3499999046,172.8887329102,26.0732784271,51.6574745178,23.2650775909,10.8603477478,8.7916307449
78,4861,2023-11-19T18:00:00+00:00,51.25,4.3499999046,164.8067169189,19.1366825104,62.174118042,18.4772949219,9.2120523453,3.8025972843
79,4861,2023-11-19T19:00:00+00:00,51.25,4.3499999046,159.2953796387,16.6182250977,59.1903610229,22.7692127228,9.4609804153,6.5101633072
80,4861,2023-11-19T20:00:00+00:00,51.25,4.3499999046,157.3752746582,15.9924449921,60.3363265991,24.478521347,9.1471300125,6.0151705742
81,4861,2023-11-19T21:00:00+00:00,51.25,4.3499999046,159.7318115234,16.4725532532,61.2766723633,22.1633491516,8.5114994049,6.527443409
82,4861,2023-11-19T22:00:00+00:00,51.25,4.3499999046,158.8717956543,15.6853179932,61.1802520752,18.6667060852,7.3431348801,5.8477096558
83,4861,2023-11-19T23:00:00+00:00,51.25,4.3499999046,157.5560302734,15.8033161163,57.4191589355,19.3262004852,6.6774835587,5.3378243445999995
84,4861,2023-11-20T00:00:00+00:00,51.25,4.3499999046,165.6791229248,8.3393392563,58.9540214539,6.1958475113,2.3493242264,1.5376260281
85,4861,2023-11-20T01:00:00+00:00,51.25,4.3499999046,191.9528198242,10.134680748,56.3168411255,7.7804999352,2.6224853992,3.2637109756
86,4861,2023-11-20T02:00:00+00:00,51.25,4.3499999046,204.1169586182,9.8845729828,57.1744194031,8.2059164047,2.9849901199,2.940993309
87,4861,2023-11-20T03:00:00+00:00,51.25,4.3499999046,212.1193389893,9.4874992371,56.0853538513,8.8853082657,3.4030306339,4.3236880302
88,4861,2023-11-20T04:00:00+00:00,51.25,4.3499999046,219.3059234619,10.0135145187,55.8113212585,9.6461009979,3.8169503212,5.138197422
89,4861,2023-11-20T05:00:00+00:00,51.25,4.3499999046,222.9053497314,12.2441492081,53.2203483582,11.1867847443,4.4273209572,6.2995939255
90,4861,2023-11-20T06:00:00+00:00,51.25,4.3499999046,225.3799743652,16.6010780334,48.0797920227,14.5878400803,5.5967459679000005,7.9656600952000005
91,4861,2023-11-20T07:00:00+00:00,51.25,4.3499999046,231.800994873,25.4142379761,37.626285553,18.8315429688,7.2725610733,8.4598636627
92,4861,2023-11-20T08:00:00+00:00,51.25,4.3499999046,240.3267211914,27.4070053101,38.1312103271,18.3460998535,8.318977356,10.0618391037
93,4861,2023-11-20T09:00:00+00:00,51.25,4.3499999046,239.4309844971,22.6384449005,46.9517059326,14.8472738266,7.9980678558000005,10.7727937698
94,4861,2023-11-20T10:00:00+00:00,51.25,4.3499999046,239.6250762939,21.5788269043,49.132194519,15.5221185684,7.6941261292,10.821146965
95,4861,2023-11-20T11:00:00+00:00,51.25,4.3499999046,245.1285247803,21.3590278625,49.5630836487,18.174659729,8.1940355301,8.6941366196
0,4926,2023-11-16T12:00:00+00:00,51.0499992371,2.5499999523,188.3156890869,25.2635364532,45.0675506592,10.4019079208,8.4431648254,2.4625706673
1,4926,2023-11-16T13:00:00+00:00,51.0499992371,2.5499999523,183.8189239502,22.9047241211,47.2179222107,8.882730484,7.4281506538,1.4413217306
2,4926,2023-11-16T14:00:00+00:00,51.0499992371,2.5499999523,182.7109222412,22.9394607544,46.8712158203,8.7706851959,7.4286708832,1.1391421556
3,4926,2023-11-16T15:00:00+00:00,51.0499992371,2.5499999523,254.4533081055,31.8997020721,33.0603523254,12.1699419022,10.4735136032,1.4269971848
4,4926,2023-11-16T16:00:00+00:00,51.0499992371,2.5499999523,306.4016723633,27.7227478027,35.0118217468,15.2366008759,11.7294378281,2.2346284389
5,4926,2023-11-16T17:00:00+00:00,51.0499992371,2.5499999523,270.3714294434,22.9576225281,14.1212863922,20.2649173737,10.6539745331,4.9944901466000005
6,4926,2023-11-16T18:00:00+00:00,51.0499992371,2.5499999523,212.5631866455,25.7773113251,4.0569677353,21.8072795868,9.1378488541,5.0081324577
7,4926,2023-11-16T19:00:00+00:00,51.0499992371,2.5499999523,174.4601593018,25.1425971985,24.0229187012,19.0799274445,8.2900953293,1.9890649319
8,4926,2023-11-16T20:00:00+00:00,51.0499992371,2.5499999523,157.951675415,14.1550264359,36.4194374084,14.0181436539,7.9209289551,1.4251781702000001
9,4926,2023-11-16T21:00:00+00:00,51.0499992371,2.5499999523,157.1678619385,7.0854444504,46.4907455444,11.0679674149,7.5703835487,1.094804287
10,4926,2023-11-16T22:00:00+00:00,51.0499992371,2.5499999523,244.1331329346,6.1960000992,52.1074943542,10.3707904816,7.8092446327000005,1.4053966999
11,4926,2023-11-16T23:00:00+00:00,51.0499992371,2.5499999523,416.0697631836,7.5617699623,55.4030570984,10.9142656326,9.0289316177,6.9644556046
12,4926,2023-11-17T00:00:00+00:00,51.0499992371,2.5499999523,445.778717041,12.6119775772,41.3064918518,11.0634880066,9.7300443649,8.2932271957
13,4926,2023-11-17T01:00:00+00:00,51.0499992371,2.5499999523,303.491973877,14.1492929459,34.8238716125,7.0838589668,6.2416758537,3.5570337772
14,4926,2023-11-17T02:00:00+00:00,51.0499992371,2.5499999523,215.1607208252,7.4655303955,37.794342041,4.4669466019,3.4154484272,2.0077095032
15,4926,2023-11-17T03:00:00+00:00,51.0499992371,2.5499999523,215.3217773438,6.0220346451,32.5323143005,13.6188373566,10.5246543884,3.9112820624999998
16,4926,2023-11-17T04:00:00+00:00,51.0499992371,2.5499999523,243.0487670898,10.2274465561,34.6936187744,24.7631607056,17.9927558899,5.2518773079
17,4926,2023-11-17T05:00:00+00:00,51.0499992371,2.5499999523,262.4300231934,11.4086675644,36.1146850586,21.6500854492,14.4115829468,3.5347511768
18,4926,2023-11-17T06:00:00+00:00,51.0499992371,2.5499999523,308.1893615723,16.8460865021,23.0784091949,24.4004993439,16.133108139,7.3732733727
19,4926,2023-11-17T07:00:00+00:00,51.0499992371,2.5499999523,324.7778930664,11.5502595901,34.2025146484,26.1363182068,17.7720241547,7.8264293671
20,4926,2023-11-17T08:00:00+00:00,51.0499992371,2.5499999523,359.1531066895,10.1034059525,33.622127533,23.8111038208,15.648481369,12.8245573044
21,4926,2023-11-17T09:00:00+00:00,51.0499992371,2.5499999523,391.5285339355,11.6984891891,37.9447364807,24.7588043213,12.851316452,15.8761396408
22,4926,2023-11-17T10:00:00+00:00,51.0499992371,2.5499999523,354.6810913086,11.3011102676,54.7249069214,21.6778144836,8.205365181,11.9146080017
23,4926,2023-11-17T11:00:00+00:00,51.0499992371,2.5499999523,243.9909973145,7.82117939,63.6835098267,18.1730804443,6.3663859367,7.6330480576
24,4926,2023-11-17T12:00:00+00:00,51.0499992371,2.5499999523,219.2105407715,8.9196414948,61.5817222595,19.6472358704,6.6335301399,5.9237661362
25,4926,2023-11-17T13:00:00+00:00,51.0499992371,2.5499999523,217.4912567139,8.5454750061,60.0747833252,22.4136219025,7.3593940735,5.5903229713
26,4926,2023-11-17T14:00:00+00:00,51.0499992371,2.5499999523,236.1800231934,9.034778595,57.7644729614,20.7293682098,7.274913311,6.9962878227
27,4926,2023-11-17T15:00:00+00:00,51.0499992371,2.5499999523,280.8874206543,14.6842327118,47.9443893433,21.6431274414,8.0931167603,7.1690921783
28,4926,2023-11-17T16:00:00+00:00,51.0499992371,2.5499999523,356.287109375,24.9913234711,28.719619751,24.9574108124,10.402256012,4.5213255882
29,4926,2023-11-17T17:00:00+00:00,51.0499992371,2.5499999523,364.9840087891,23.4742012024,19.7527980804,28.7296295166,11.9334049225,9.1883974075
30,4926,2023-11-17T18:00:00+00:00,51.0499992371,2.5499999523,345.6295166016,18.9362487793,22.5586032867,27.8568172455,11.5195217133,13.8045377731
31,4926,2023-11-17T19:00:00+00:00,51.0499992371,2.5499999523,316.3032531738,13.0998783112,35.2678375244,25.7814903259,11.4679584503,9.5305948257
32,4926,2023-11-17T20:00:00+00:00,51.0499992371,2.5499999523,282.5577392578,13.576780319200001,31.4818401337,26.382806778,12.2985916138,5.3880739212
33,4926,2023-11-17T21:00:00+00:00,51.0499992371,2.5499999523,229.7101287842,15.4712724686,29.2522583008,26.6579761505,12.4391450882,2.3815119267
34,4926,2023-11-17T22:00:00+00:00,51.0499992371,2.5499999523,209.7008361816,14.3049755096,36.1092185974,25.9662132263,11.8923625946,0.6723439693000001
35,4926,2023-11-17T23:00:00+00:00,51.0499992371,2.5499999523,197.4649047852,13.5107002258,40.5710105896,24.1436862946,12.2868089676,0.4570210874
36,4926,2023-11-18T00:00:00+00:00,51.0499992371,2.5499999523,193.8945007324,12.7164478302,41.9556922913,22.1608695984,11.8077754974,0.4366711378
37,4926,2023-11-18T01:00:00+00:00,51.0499992371,2.5499999523,180.6551361084,9.3489379883,47.9844512939,17.2344284058,9.1824150085,0.4455387294
38,4926,2023-11-18T02:00:00+00:00,51.0499992371,2.5499999523,169.1428985596,7.6372117996,57.7227516174,13.0428848267,7.8119511604,0.27989700440000004
39,4926,2023-11-18T03:00:00+00:00,51.0499992371,2.5499999523,162.39112854,5.6005926132,59.7611846924,10.9918422699,6.6729941368,0.2135038823
40,4926,2023-11-18T04:00:00+00:00,51.0499992371,2.5499999523,159.65284729,5.0010232925,58.8085517883,8.2618923187,5.2710928917,0.2703472972
41,4926,2023-11-18T05:00:00+00:00,51.0499992371,2.5499999523,162.1637115479,7.3104500771,54.0738296509,8.8716392517,6.6968927383,0.3738023341
42,4926,2023-11-18T06:00:00+00:00,51.0499992371,2.5499999523,172.6001739502,10.0129899979,38.4735374451,11.9491786957,9.3431930542,0.5904894471000001
43,4926,2023-11-18T07:00:00+00:00,51.0499992371,2.5499999523,179.661529541,8.2694597244,48.2472305298,10.2755851746,9.1497507095,0.29979220030000003
44,4926,2023-11-18T08:00:00+00:00,51.0499992371,2.5499999523,183.7705688477,12.4491548538,50.2066726685,8.912060737600001,8.2400169373,0.3990407884
45,4926,2023-11-18T09:00:00+00:00,51.0499992371,2.5499999523,183.4815979004,14.8794822693,52.490234375,6.8127555847,6.3486251831,0.4280309379
46,4926,2023-11-18T10:00:00+00:00,51.0499992371,2.5499999523,188.5361633301,10.2355690002,59.2228622437,5.3987445831,4.9910898209,0.3450395465
47,4926,2023-11-18T11:00:00+00:00,51.0499992371,2.5499999523,174.802444458,6.7490606308,64.1585464478,3.2725553513,2.9980545043999998,0.1895727962
48,4926,2023-11-18T12:00:00+00:00,51.0499992371,2.5499999523,177.5098724365,6.6935124397,62.8142433167,2.630790472,2.4305565357,0.1238049641
49,4926,2023-11-18T13:00:00+00:00,51.0499992371,2.5499999523,164.5082702637,5.6643385887,59.7957115173,2.8038213253,2.5411043167000003,0.1497255713
50,4926,2023-11-18T14:00:00+00:00,51.0499992371,2.5499999523,146.3319244385,4.529706955,53.9954566956,3.1525115967,2.5704195499,0.2060005516
51,4926,2023-11-18T15:00:00+00:00,51.0499992371,2.5499999523,138.4384002686,4.8856267929,41.2224273682,5.2333636284,3.443464756,0.20031620560000002
52,4926,2023-11-18T16:00:00+00:00,51.0499992371,2.5499999523,142.1436767578,5.1509656906,32.7665061951,9.3972892761,5.0490102768,0.4156390727
53,4926,2023-11-18T17:00:00+00:00,51.0499992371,2.5499999523,144.0777587891,7.1697883606,37.0417289734,14.6831550598,6.8980574608000005,0.9370068908
54,4926,2023-11-18T18:00:00+00:00,51.0499992371,2.5499999523,143.2834777832,4.6867823601000005,41.2096176147,22.1640110016,8.570101738,1.4088072777
55,4926,2023-11-18T19:00:00+00:00,51.0499992371,2.5499999523,144.4515686035,3.3219125271,50.1994590759,23.8871974945,8.7981367111,1.1561951637
56,4926,2023-11-18T20:00:00+00:00,51.0499992371,2.5499999523,142.3140716553,3.1832029819,53.5589981079,22.8171310425,7.7751235962,1.3449152708
57,4926,2023-11-18T21:00:00+00:00,51.0499992371,2.5499999523,139.3188934326,3.3438909054,54.4722518921,23.1749668121,7.4898991585,1.5252226591
58,4926,2023-11-18T22:00:00+00:00,51.0499992371,2.5499999523,144.2539825439,2.83091259,57.5920677185,25.0340366364,7.2626609802,1.4342731237000002
59,4926,2023-11-18T23:00:00+00:00,51.0499992371,2.5499999523,151.2203979492,3.3740832806,65.7974700928,29.0355110168,7.274474144,1.2602186203
60,4926,2023-11-19T00:00:00+00:00,51.0499992371,2.5499999523,157.145401001,3.1604869366,65.0035858154,27.2925739288,7.0458402634,1.1950759888
61,4926,2023-11-19T01:00:00+00:00,51.0499992371,2.5499999523,161.7677001953,2.7231123447,65.172454834,23.660572052,6.3431601524,1.2583996058
62,4926,2023-11-19T02:00:00+00:00,51.0499992371,2.5499999523,162.919128418,2.0135502815,66.678237915,21.9481716156,5.7530031204,1.3521912098
63,4926,2023-11-19T03:00:00+00:00,51.0499992371,2.5499999523,161.6049346924,1.6932837963,70.3605728149,19.0329971313,5.0888533592,1.2570353746
64,4926,2023-11-19T04:00:00+00:00,51.0499992371,2.5499999523,163.6350250244,1.7211363316,73.3366394043,17.5904541016,4.7156338692,1.3578755856
65,4926,2023-11-19T05:00:00+00:00,51.0499992371,2.5499999523,169.7064971924,2.3266358376,75.0021743774,17.9170360565,4.9023370743,1.6184458733
66,4926,2023-11-19T06:00:00+00:00,51.0499992371,2.5499999523,180.053314209,4.4185266495,73.6131134033,19.844745636,5.8230190277,1.8624178170999999
67,4926,2023-11-19T07:00:00+00:00,51.0499992371,2.5499999523,190.154586792,6.4570322037,72.0375671387,23.7597465515,7.3396940231,2.2033646107
68,4926,2023-11-19T08:00:00+00:00,51.0499992371,2.5499999523,191.7326202393,4.3622350693,72.95753479,25.8309841156,8.2037973404,1.940861702
69,4926,2023-11-19T09:00:00+00:00,51.0499992371,2.5499999523,178.9344482422,3.4871325493,76.8418579102,24.0524902344,7.0956482887,1.6855778693999999
70,4926,2023-11-19T10:00:00+00:00,51.0499992371,2.5499999523,166.0535888672,2.9790997505,79.6590805054,26.1064052582,6.1603178978,1.3769180775
71,4926,2023-11-19T11:00:00+00:00,51.0499992371,2.5499999523,159.0792388916,2.9607820511,81.022605896,26.239107132,5.7432527542,0.8952838182
72,4926,2023-11-19T12:00:00+00:00,51.0499992371,2.5499999523,157.8524475098,2.4028258324,77.790184021,25.8136692047,5.1428794861,0.8489564657
73,4926,2023-11-19T13:00:00+00:00,51.0499992371,2.5499999523,160.2091522217,3.0830638409,77.4733428955,19.7913093567,4.7150416374,0.6186837554
74,4926,2023-11-19T14:00:00+00:00,51.0499992371,2.5499999523,163.5832824707,3.8474094868,75.4708709717,19.3351306915,4.9880490303,0.8864162564
75,4926,2023-11-19T15:00:00+00:00,51.0499992371,2.5499999523,162.6161651611,3.9523158072999998,76.5498886108,19.2430229187,5.5688567162,0.8437837362
76,4926,2023-11-19T16:00:00+00:00,51.0499992371,2.5499999523,163.6205596924,4.4311609268,74.7164154053,15.9297409058,5.0650310516,0.9561063051
77,4926,2023-11-19T17:00:00+00:00,51.0499992371,2.5499999523,157.5137176514,4.5738043785,73.5447158813,14.2556228638,5.1619515419,0.7551079988
78,4926,2023-11-19T18:00:00+00:00,51.0499992371,2.5499999523,154.6067352295,3.9711732864,73.8612213135,16.207195282,5.0413661003,1.0995790958
79,4926,2023-11-19T19:00:00+00:00,51.0499992371,2.5499999523,156.0060882568,3.7743487358000003,73.3159103394,15.0303220749,4.9380068779,1.3428689241
80,4926,2023-11-19T20:00:00+00:00,51.0499992371,2.5499999523,156.2268066406,2.7717745304,74.3150405884,13.5409374237,4.5648403168,1.5686509609
81,4926,2023-11-19T21:00:00+00:00,51.0499992371,2.5499999523,158.3861541748,2.6852533817,74.6885986328,13.6641206741,4.2815527916,1.6707417965
82,4926,2023-11-19T22:00:00+00:00,51.0499992371,2.5499999523,163.3560638428,2.6544334888,72.4307022095,15.2638311386,4.3039731978999995,1.8602577448000002
83,4926,2023-11-19T23:00:00+00:00,51.0499992371,2.5499999523,161.4754486084,2.6607341766,70.2393493652,16.6336421967,4.5776166916,1.7382717133
84,4926,2023-11-20T00:00:00+00:00,51.0499992371,2.5499999523,165.0158691406,5.0582017899,64.6084442139,8.9782190323,2.275783062,0.9885506034
85,4926,2023-11-20T01:00:00+00:00,51.0499992371,2.5499999523,181.743850708,5.6894507408,64.9358825684,12.8634386063,3.1678979397,2.2953052521
86,4926,2023-11-20T02:00:00+00:00,51.0499992371,2.5499999523,182.009185791,5.4894790649,66.6106567383,13.8611536026,3.3629846573,2.4461357594
87,4926,2023-11-20T03:00:00+00:00,51.0499992371,2.5499999523,184.1187286377,4.6032924652,68.0817260742,14.1399145126,3.4417979717,2.4820394516
88,4926,2023-11-20T04:00:00+00:00,51.0499992371,2.5499999523,187.1031494141,4.3007230759,68.3980331421,15.3759174347,3.7021408081000002,2.6769270897
89,4926,2023-11-20T05:00:00+00:00,51.0499992371,2.5499999523,190.0821380615,4.3793678284,66.9909820557,17.8010845184,4.2029314041,2.7657094002
90,4926,2023-11-20T06:00:00+00:00,51.0499992371,2.5499999523,193.9044647217,4.4458017349,66.1926727295,20.2803668976,4.8498945236,3.2868144512
91,4926,2023-11-20T07:00:00+00:00,51.0499992371,2.5499999523,199.7710876465,6.7278165817,64.7621765137,22.4513320923,5.605287075,4.6371369362
92,4926,2023-11-20T08:00:00+00:00,51.0499992371,2.5499999523,204.5732421875,9.008559227,62.9294395447,25.0374794006,6.2779006958,4.684068203
93,4926,2023-11-20T09:00:00+00:00,51.0499992371,2.5499999523,206.8899688721,6.8761281967,64.6906509399,22.7080364227,6.7644805908,3.5007374287
94,4926,2023-11-20T10:00:00+00:00,51.0499992371,2.5499999523,206.611907959,6.8861112595,68.2285079956,16.5632629395,6.9791498184,3.2952058315
95,4926,2023-11-20T11:00:00+00:00,51.0499992371,2.5499999523,203.3198547363,6.5063686371,68.2366485596,9.5076303482,6.1940569878,3.1357102394
0,5698,2023-11-16T12:00:00+00:00,50.25,3.9500000477,206.3568878174,14.7664833069,49.1350326538,7.7741785049,6.1891241074,0.6538130045
1,5698,2023-11-16T13:00:00+00:00,50.25,3.9500000477,209.128692627,15.5173883438,47.1198616028,6.7190995216000005,5.5801992416,0.6727986932000001
2,5698,2023-11-16T14:00:00+00:00,50.25,3.9500000477,197.684387207,11.7772035599,51.4861450195,5.16269207,4.2501292229,0.5052242875
3,5698,2023-11-16T15:00:00+00:00,50.25,3.9500000477,191.6790924072,8.1588926315,55.1949958801,4.0390586853,3.3368792534000002,0.4597495794
4,5698,2023-11-16T16:00:00+00:00,50.25,3.9500000477,184.0678100586,9.7485466003,59.9463500977,3.810051918,3.0668423176,0.4829416871
5,5698,2023-11-16T17:00:00+00:00,50.25,3.9500000477,195.4259033203,19.3354034424,49.4370765686,5.114554882,4.2340788841,0.4597495794
6,5698,2023-11-16T18:00:00+00:00,50.25,3.9500000477,228.5975799561,36.0188484192,30.1047725677,9.3681211472,8.3506813049,0.7032667994
7,5698,2023-11-16T19:00:00+00:00,50.25,3.9500000477,261.5090332031,40.440952301,14.535823822,13.574131012,12.4590492249,1.2651071548
8,5698,2023-11-16T20:00:00+00:00,50.25,3.9500000477,256.9715270996,36.3444633484,18.4411296844,18.0963745117,15.5162601471,1.988155365
9,5698,2023-11-16T21:00:00+00:00,50.25,3.9500000477,252.3496551514,30.1756515503,29.5382003784,27.576089859,22.062953949,2.4565451145
10,5698,2023-11-16T22:00:00+00:00,50.25,3.9500000477,254.1614532471,30.5872840881,20.5056114197,36.8312301636,27.6640548706,4.7614321709
11,5698,2023-11-16T23:00:00+00:00,50.25,3.9500000477,295.9627990723,30.9896717072,18.8531951904,40.8722801208,30.3488502502,6.3118934631
12,5698,2023-11-17T00:00:00+00:00,50.25,3.9500000477,260.0073547363,19.7503452301,29.980178833,37.993396759,27.7107257843,4.5633897781
13,5698,2023-11-17T01:00:00+00:00,50.25,3.9500000477,214.8712921143,9.6324586868,34.2172431946,26.8072738647,17.9731903076,2.3449046612
14,5698,2023-11-17T02:00:00+00:00,50.25,3.9500000477,219.1101989746,7.4829530716,35.1562538147,15.925612449599999,10.9791469574,1.8603714705
15,5698,2023-11-17T03:00:00+00:00,50.25,3.9500000477,190.8404541016,6.695827961,35.2508125305,8.1944971085,6.6282086372,0.5672973394
16,5698,2023-11-17T04:00:00+00:00,50.25,3.9500000477,188.8274230957,6.9358286858,33.853515625,11.936671257,9.7501192093,0.7144080997000001
17,5698,2023-11-17T05:00:00+00:00,50.25,3.9500000477,203.1510009766,7.5172386169,38.5383453369,15.73279953,11.8909749985,1.1282281876
18,5698,2023-11-17T06:00:00+00:00,50.25,3.9500000477,229.0960540771,12.1502952576,37.143196106,19.6785163879,13.2075471878,1.488842845
19,5698,2023-11-17T07:00:00+00:00,50.25,3.9500000477,244.2919311523,20.4305934906,37.6636390686,18.0759220123,13.585278511,0.7464677691
20,5698,2023-11-17T08:00:00+00:00,50.25,3.9500000477,249.1090393066,27.7759685516,39.1849098206,14.4461517334,12.1202106476,0.7225935459
21,5698,2023-11-17T09:00:00+00:00,50.25,3.9500000477,252.8104858398,24.2747821808,41.2150382996,14.8517370224,12.4419298172,0.9658833742
22,5698,2023-11-17T10:00:00+00:00,50.25,3.9500000477,183.6780395508,7.2479686737,59.9399337769,10.7666082382,6.8350696564,0.8625420332
23,5698,2023-11-17T11:00:00+00:00,50.25,3.9500000477,177.7975311279,7.3771543503,60.0772628784,12.7927656174,5.9755592346,0.7489688993
24,5698,2023-11-17T12:00:00+00:00,50.25,3.9500000477,164.9545288086,6.0606384277,64.9877853394,14.6726999283,4.366642952,0.3744844496
25,5698,2023-11-17T13:00:00+00:00,50.25,3.9500000477,173.2687835693,7.1398434639,68.50756073,15.2997808456,4.6195979118,0.4931735098
26,5698,2023-11-17T14:00:00+00:00,50.25,3.9500000477,176.8764190674,7.5214076042,69.3118209839,17.5373268127,5.0386929512,0.8758437037000001
27,5698,2023-11-17T15:00:00+00:00,50.25,3.9500000477,233.525970459,19.3637962341,48.2602462769,23.9779720306,8.504322052,2.0040714741
28,5698,2023-11-17T16:00:00+00:00,50.25,3.9500000477,233.8854827881,28.5617580414,32.5960693359,25.0779190063,8.8241119385,1.7105321884
29,5698,2023-11-17T17:00:00+00:00,50.25,3.9500000477,204.5395812988,32.9339408875,27.7051563263,23.0421047211,8.0100727081,1.4827036858
30,5698,2023-11-17T18:00:00+00:00,50.25,3.9500000477,216.564956665,42.1999435425,15.5027866364,23.7621593475,9.6797838211,1.5827481747
31,5698,2023-11-17T19:00:00+00:00,50.25,3.9500000477,232.5845031738,45.5152206421,7.1531362534,26.1858177185,12.7901363373,1.3201315403
32,5698,2023-11-17T20:00:00+00:00,50.25,3.9500000477,228.0237579346,40.5730628967,5.2199130058,28.6753025055,15.1511068344,2.0188508034
33,5698,2023-11-17T21:00:00+00:00,50.25,3.9500000477,248.1342010498,45.2679405212,3.6107611656,31.0666942596,17.1868495941,3.2800927162
34,5698,2023-11-17T22:00:00+00:00,50.25,3.9500000477,242.8615722656,44.658493042,3.9247000217,30.8253574371,17.5007896423,3.5138328075
35,5698,2023-11-17T23:00:00+00:00,50.25,3.9500000477,208.1857910156,32.0538063049,15.1399555206,26.3354263306,13.4150371552,2.9012880325
36,5698,2023-11-18T00:00:00+00:00,50.25,3.9500000477,186.7945404053,19.3255882263,33.7653808594,24.5834236145,11.3337011337,2.0663719177
37,5698,2023-11-18T01:00:00+00:00,50.25,3.9500000477,182.9276275635,15.1983242035,37.1690101624,24.3430118561,10.6615085602,1.9714434147
38,5698,2023-11-18T02:00:00+00:00,50.25,3.9500000477,182.7720184326,13.2847337723,38.164806366,23.5957508087,10.2606239319,1.934381485
39,5698,2023-11-18T03:00:00+00:00,50.25,3.9500000477,178.0759429932,10.8265199661,42.4553337097,21.8178710938,9.2381238937,1.7605543137000002
40,5698,2023-11-18T04:00:00+00:00,50.25,3.9500000477,180.0167694092,13.9462442398,39.9874610901,23.1781177521,9.7068834305,1.6984813213
41,5698,2023-11-18T05:00:00+00:00,50.25,3.9500000477,182.5272979736,16.1137180328,46.01820755,18.3595314026,8.2736577988,1.0491021872
42,5698,2023-11-18T06:00:00+00:00,50.25,3.9500000477,187.0074768066,15.2321252823,47.3253517151,14.367269516,7.2724437714,1.1943938732000001
43,5698,2023-11-18T07:00:00+00:00,50.25,3.9500000477,192.4218444824,15.8611755371,43.2969017029,15.43060112,8.2717046738,2.0903599262
44,5698,2023-11-18T08:00:00+00:00,50.25,3.9500000477,193.3071899414,15.2132444382,55.4342193604,11.8162755966,7.7472696304,1.1382325888
45,5698,2023-11-18T09:00:00+00:00,50.25,3.9500000477,180.3126983643,9.868309021,62.9365997314,8.2323637009,6.0379476547,0.9639506936000001
46,5698,2023-11-18T10:00:00+00:00,50.25,3.9500000477,173.3625488281,7.445089817,66.2358322144,6.3876495361,4.5090718269,0.8077449799
47,5698,2023-11-18T11:00:00+00:00,50.25,3.9500000477,165.4522247314,5.8339738846,67.511390686,4.4535908699,3.2345657349,0.6979803443
48,5698,2023-11-18T12:00:00+00:00,50.25,3.9500000477,161.5471038818,5.7885723114,66.6622848511,3.1959278584,2.5703201293999998,0.6146478653
49,5698,2023-11-18T13:00:00+00:00,50.25,3.9500000477,162.108215332,6.2453141212,63.2064781189,2.7707386017,2.3641648293,0.6398295164000001
50,5698,2023-11-18T14:00:00+00:00,50.25,3.9500000477,165.3330841064,6.3301935196,63.1194000244,2.9121775627,2.5312261581,0.46520653370000004
51,5698,2023-11-18T15:00:00+00:00,50.25,3.9500000477,171.0287780762,8.9599924088,55.725643158,3.4013004303,2.9722328186,0.5582023859
52,5698,2023-11-18T16:00:00+00:00,50.25,3.9500000477,178.9670715332,10.0693712234,53.0290336609,3.5384955406,3.0548861027,0.5372840166
53,5698,2023-11-18T17:00:00+00:00,50.25,3.9500000477,172.1434020996,9.3351669312,55.374130249,3.6908321381,3.1617114544,0.5534275174000001
54,5698,2023-11-18T18:00:00+00:00,50.25,3.9500000477,154.7781219482,7.8463668823,41.4455528259,4.6136059761,3.6901798248,0.9938503504
55,5698,2023-11-18T19:00:00+00:00,50.25,3.9500000477,140.4004516602,7.3475065231,56.534942627,3.9771089554000003,3.1702404022,0.5720721483
56,5698,2023-11-18T20:00:00+00:00,50.25,3.9500000477,139.42527771,6.6056599617,43.0136489868,4.1781744957,3.12672472,0.9495124817
57,5698,2023-11-18T21:00:00+00:00,50.25,3.9500000477,132.5031433105,6.2530236244,51.6627807617,3.8202943802,2.8922333717,0.4929461181
58,5698,2023-11-18T22:00:00+00:00,50.25,3.9500000477,130.9103393555,5.5476083755,36.4176177979,4.1067914963,3.1276578903,0.7728431225
59,5698,2023-11-18T23:00:00+00:00,50.25,3.9500000477,122.6329269409,4.077527523,37.7281074524,3.5480601788,2.5872795582,0.46497917180000004
60,5698,2023-11-19T00:00:00+00:00,50.25,3.9500000477,126.0488586426,3.0785472393,43.820186615,4.6584339142,3.2376439571,0.443492353
61,5698,2023-11-19T01:00:00+00:00,50.25,3.9500000477,128.4771881104,2.8384974003,48.2783927917,5.9636249542,4.2152695656,0.4351932108
62,5698,2023-11-19T02:00:00+00:00,50.25,3.9500000477,131.8461914062,2.7463400364,46.9015960693,8.2728948593,4.7459082603,0.4130242765
63,5698,2023-11-19T03:00:00+00:00,50.25,3.9500000477,132.0623321533,2.7206859589,47.5903968811,9.4947862625,4.8592200279,0.36936852340000004
64,5698,2023-11-19T04:00:00+00:00,50.25,3.9500000477,132.2158508301,2.818164587,47.7280235291,15.1207208633,5.6435456276,0.35174706580000004
65,5698,2023-11-19T05:00:00+00:00,50.25,3.9500000477,142.2138366699,3.17166996,56.901386261,24.5436153412,6.2585358620000004,0.3415152729
66,5698,2023-11-19T06:00:00+00:00,50.25,3.9500000477,166.6917114258,6.3783955574,53.409160614,31.0192508698,7.9565367699,0.4764615297
67,5698,2023-11-19T07:00:00+00:00,50.25,3.9500000477,185.5726776123,8.6654911041,51.3245849609,35.0174713135,9.1512374878,0.5304628015
68,5698,2023-11-19T08:00:00+00:00,50.25,3.9500000477,188.5258636475,7.8167090416,54.5385818481,36.2674331665,9.1477394104,0.4802131951
69,5698,2023-11-19T09:00:00+00:00,50.25,3.9500000477,172.7544250488,4.377840519,64.0772781372,34.1078643799,7.6312842369,0.41171687840000004
70,5698,2023-11-19T10:00:00+00:00,50.25,3.9500000477,153.4928894043,1.951996088,73.8837280273,30.0081386566,6.2134666443,0.2840465605
71,5698,2023-11-19T11:00:00+00:00,50.25,3.9500000477,152.8127593994,1.7391316891000002,73.4892578125,27.4960289001,6.0726032257,0.23470647630000002
72,5698,2023-11-19T12:00:00+00:00,50.25,3.9500000477,145.6482696533,1.1531945467,75.3533096313,29.4370956421,6.0735769272,0.1854800731
73,5698,2023-11-19T13:00:00+00:00,50.25,3.9500000477,148.7487182617,1.3015840054,71.0967407227,32.64610672,6.4538817406,0.25545433160000003
74,5698,2023-11-19T14:00:00+00:00,50.25,3.9500000477,157.9242858887,2.183368206,68.6978759766,30.4564304352,6.5927386284,0.3518607616
75,5698,2023-11-19T15:00:00+00:00,50.25,3.9500000477,164.9310455322,3.5598547459,65.1821670532,27.739522934,6.7955379486,0.4337152839
76,5698,2023-11-19T16:00:00+00:00,50.25,3.9500000477,171.2871398926,5.5489153862,63.1997489929,25.9632873535,6.9660739899,0.3135482967
77,5698,2023-11-19T17:00:00+00:00,50.25,3.9500000477,168.3537597656,6.3689408302,67.784034729,22.1245708466,6.6563506126,0.1421085447
78,5698,2023-11-19T18:00:00+00:00,50.25,3.9500000477,165.0213623047,5.1301112175,68.8828353882,19.6187095642,6.1287522316,0.1584794521
79,5698,2023-11-19T19:00:00+00:00,50.25,3.9500000477,165.2755889893,4.6181397438000005,73.8040237427,14.0125980377,5.3391509056,0.0882209837
80,5698,2023-11-19T20:00:00+00:00,50.25,3.9500000477,161.0520782471,3.7101385593,75.9783706665,14.323102951,5.1716442108,0.0763975531
81,5698,2023-11-19T21:00:00+00:00,50.25,3.9500000477,158.8802947998,3.6920425892,69.0758972168,17.883266449,5.4440574646,0.1878106594
82,5698,2023-11-19T22:00:00+00:00,50.25,3.9500000477,149.3838348389,3.0585973263,66.8639068604,22.1914520264,5.7406339645,0.1521129906
83,5698,2023-11-19T23:00:00+00:00,50.25,3.9500000477,137.9429473877,2.2438585758,68.6589889526,25.7526912689,5.6570305824,0.0945874453
84,5698,2023-11-20T00:00:00+00:00,50.25,3.9500000477,157.3860168457,2.0364484787,66.5976333618,7.3747797012,2.3100597858,0.8933697939
85,5698,2023-11-20T01:00:00+00:00,50.25,3.9500000477,155.2769927979,1.5664731264,66.3659362793,7.8614449501,2.1245937347,0.6413358450000001
86,5698,2023-11-20T02:00:00+00:00,50.25,3.9500000477,154.2411804199,1.4526833296000001,66.0692977905,7.8389348984,2.0940830708,0.5893738866
87,5698,2023-11-20T03:00:00+00:00,50.25,3.9500000477,153.9095306396,1.4399349689,65.6158294678,7.9267010689,2.1214106083,0.5768256783
88,5698,2023-11-20T04:00:00+00:00,50.25,3.9500000477,153.7206115723,1.4883061647,65.2387237549,6.614300251,2.0363585949,0.5857430100000001
89,5698,2023-11-20T05:00:00+00:00,50.25,3.9500000477,153.3555450439,1.6866918802000002,66.6726226807,4.3010005951,1.8970353603,0.4760778546
90,5698,2023-11-20T06:00:00+00:00,50.25,3.9500000477,153.8990325928,2.5931825638,66.4867401123,3.6407072544,1.9723813533999999,0.5196909308000001
91,5698,2023-11-20T07:00:00+00:00,50.25,3.9500000477,155.1169433594,4.6400856972,64.9850616455,3.2114257812,2.0403375626,0.4473434985
92,5698,2023-11-20T08:00:00+00:00,50.25,3.9500000477,157.4815368652,6.6228055954,59.6311607361,4.4615263939,2.4523813725,0.50748384
93,5698,2023-11-20T09:00:00+00:00,50.25,3.9500000477,157.2381439209,7.3394870758,60.6487808228,5.7589206696,2.7342536449,0.37744739650000003
94,5698,2023-11-20T10:00:00+00:00,50.25,3.9500000477,156.6440429688,6.8820328712,61.7239456177,7.2798228264,3.0997569561,0.297852397
95,5698,2023-11-20T11:00:00+00:00,50.25,3.9500000477,156.5434112549,6.2891488075,62.6535110474,7.8978247643,3.3775792122,0.2308837622
