time,local_date,pm10,pm25,no2,o3,so2,co_conc,sensor_id
0,2023-10-02T00:00:00+00:00,18.758041,12.293768,20.190819,38.06646,1.5097612,327.62128,4878
1,2023-10-02T01:00:00+00:00,20.0089,14.10432,17.02636,35.416756,1.3496901,322.91296,4878
2,2023-10-02T02:00:00+00:00,18.265388,13.072213,20.420254,30.504648,1.3897079,330.1254,4878
3,2023-10-02T03:00:00+00:00,19.878523,13.652828,22.912271,31.08068,1.1459633,324.03317,4878
4,2023-10-02T04:00:00+00:00,20.238182,13.929544,27.641483,24.109219,1.1823431,322.73056,4878
5,2023-10-02T05:00:00+00:00,22.94981,14.200303,35.06281,12.760296,1.4315447,352.35657,4878
6,2023-10-02T06:00:00+00:00,22.905746,14.252684,43.462753,0.027164727,1.7607818,377.773,4878
7,2023-10-02T07:00:00+00:00,29.981194,16.207636,48.555733,0.44291204,1.6661943,429.06622,4878
8,2023-10-02T08:00:00+00:00,25.508247,18.064949,47.73335,8.945902,1.3533281,410.59857,4878
9,2023-10-02T09:00:00+00:00,27.396948,18.529963,43.094654,21.052721,3.7252903,393.2437,4878
10,2023-10-02T10:00:00+00:00,27.854462,18.999401,32.689724,33.082882,7.043127,371.38092,4878
11,2023-10-02T11:00:00+00:00,25.482426,18.365574,25.711775,48.69048,4.831236,355.9706,4878
12,2023-10-02T12:00:00+00:00,23.084862,15.604828,21.029474,62.591057,3.8562574,346.6609,4878
13,2023-10-02T13:00:00+00:00,30.83586,18.597946,20.425577,72.611946,4.496542,349.02423,4878
14,2023-10-02T14:00:00+00:00,28.090832,18.587215,20.916851,75.84747,4.976755,339.93503,4878
15,2023-10-02T15:00:00+00:00,26.923473,18.030273,22.979792,76.88941,5.180482,348.3531,4878
16,2023-10-02T16:00:00+00:00,24.353577,18.018606,26.036139,69.61659,3.2159734,351.46014,4878
17,2023-10-02T17:00:00+00:00,31.637842,19.572687,25.804033,63.039387,2.2882886,376.50864,4878
18,2023-10-02T18:00:00+00:00,34.745632,22.20421,32.134983,46.621624,1.8408173,410.14417,4878
19,2023-10-02T19:00:00+00:00,34.660152,23.927092,28.657812,36.842945,1.7935236,376.59506,4878
20,2023-10-02T20:00:00+00:00,30.69561,20.544811,24.300041,32.76211,1.6752893,370.47113,4878
21,2023-10-02T21:00:00+00:00,31.439537,21.981812,19.779808,28.749672,1.6989361,368.80807,4878
22,2023-10-02T22:00:00+00:00,29.238873,19.899632,18.819603,46.424973,1.8953869,364.8185,4878
23,2023-10-02T23:00:00+00:00,30.809221,22.144997,14.140865,57.818382,1.9153959,352.77252,4878
0,2023-10-03T00:00:00+00:00,29.147766,22.566023,10.663072,61.113667,1.8826541,329.32492,4878
1,2023-10-03T01:00:00+00:00,27.809195,19.290312,9.8611555,58.605995,1.7316779,303.89087,4878
2,2023-10-03T02:00:00+00:00,26.14127,16.071589,9.824747,58.42177,2.3155735,280.8519,4878
3,2023-10-03T03:00:00+00:00,24.22123,13.33154,13.817065,61.906506,3.0649972,267.18652,4878
4,2023-10-03T04:00:00+00:00,27.01645,11.160707,10.795728,61.82313,3.3924153,220.57515,4878
5,2023-10-03T05:00:00+00:00,24.41263,9.838938,11.215904,60.68746,3.2123353,182.28899,4878
6,2023-10-03T06:00:00+00:00,21.249296,10.369248,15.365337,55.215546,4.3546605,204.92847,4878
7,2023-10-03T07:00:00+00:00,19.216684,9.386279,21.498646,49.12579,6.1118045,247.81837,4878
8,2023-10-03T08:00:00+00:00,16.400747,7.086233,18.17217,48.220562,6.7957444,269.58353,4878
9,2023-10-03T09:00:00+00:00,11.58513,3.7409923,15.383339,40.33928,6.1991158,307.35788,4878
10,2023-10-03T10:00:00+00:00,5.315629,2.7318065,15.134102,47.702766,6.300979,297.06332,4878
11,2023-10-03T11:00:00+00:00,8.648651,3.097417,12.923928,64.0433,3.7507563,299.26212,4878
12,2023-10-03T12:00:00+00:00,6.854081,2.9150596,10.826802,69.232765,5.4496922,296.43448,4878
13,2023-10-03T13:00:00+00:00,10.056699,4.150402,12.66766,66.527115,4.5656633,273.27048,4878
14,2023-10-03T14:00:00+00:00,11.5615015,5.081109,12.00548,73.75267,2.546585,244.0678,4878
15,2023-10-03T15:00:00+00:00,12.227117,3.855984,10.544288,78.50691,4.5110936,231.45634,4878
16,2023-10-03T16:00:00+00:00,11.398904,3.888482,12.771726,75.57424,4.5129128,246.32106,4878
17,2023-10-03T17:00:00+00:00,11.556453,3.7601926,16.250914,70.06759,4.2018657,278.33884,4878
18,2023-10-03T18:00:00+00:00,11.879159,4.6757174,20.241737,60.521416,6.9612722,297.12704,4878
19,2023-10-03T19:00:00+00:00,13.262939,5.9304523,23.599724,55.188137,2.8012438,295.0349,4878
20,2023-10-03T20:00:00+00:00,12.370166,5.6312957,20.078117,53.76751,7.072231,280.64767,4878
21,2023-10-03T21:00:00+00:00,12.114292,5.4224787,22.13381,47.768482,7.0995154,284.20645,4878
22,2023-10-03T22:00:00+00:00,12.281909,5.687729,20.074368,48.414223,7.1377144,277.98093,4878
23,2023-10-03T23:00:00+00:00,12.73524,5.9674664,20.532753,50.205925,8.192728,291.0505,4878
0,2023-10-04T00:00:00+00:00,12.233921,5.2861094,18.41181,49.491062,6.701157,286.85706,4878
1,2023-10-04T01:00:00+00:00,12.500685,5.4114027,19.375875,41.28925,6.1609173,297.70288,4878
2,2023-10-04T02:00:00+00:00,12.16778,5.904172,23.74382,30.515472,5.025868,256.96057,4878
3,2023-10-04T03:00:00+00:00,13.315751,6.3494854,25.673246,29.915363,5.8989825,283.36478,4878
4,2023-10-04T04:00:00+00:00,15.584522,6.592674,21.86717,26.222382,6.4028425,267.20462,4878
5,2023-10-04T05:00:00+00:00,14.7347765,6.0224614,27.861475,17.105001,6.139089,278.98294,4878
6,2023-10-04T06:00:00+00:00,12.922667,6.6887217,37.487415,7.1610484,5.178663,284.77966,4878
7,2023-10-04T07:00:00+00:00,12.347517,6.933206,40.177544,2.5759826,5.5588317,335.6851,4878
8,2023-10-04T08:00:00+00:00,15.346492,8.098005,34.4003,12.919174,7.2941475,348.71164,4878
9,2023-10-04T09:00:00+00:00,17.092564,8.109735,27.384895,24.091156,10.051736,331.57977,4878
10,2023-10-04T10:00:00+00:00,22.542133,7.88976,25.345829,29.648046,8.372808,326.6711,4878
11,2023-10-04T11:00:00+00:00,18.04631,7.326457,21.440437,41.02765,7.7670846,353.23877,4878
12,2023-10-04T12:00:00+00:00,16.815617,7.8517666,18.402716,47.485794,6.213668,342.98477,4878
13,2023-10-04T13:00:00+00:00,17.635391,6.8538623,15.838864,49.838684,6.6174836,342.7539,4878
14,2023-10-04T14:00:00+00:00,18.554276,7.1071463,16.236311,46.981945,5.6079445,342.88614,4878
15,2023-10-04T15:00:00+00:00,18.252275,6.4140553,16.803131,50.061188,5.493348,332.5099,4878
16,2023-10-04T16:00:00+00:00,14.607259,6.245818,16.52375,53.429348,5.45333,328.31436,4878
17,2023-10-04T17:00:00+00:00,17.334202,6.0989246,19.612877,51.201042,5.547918,329.30356,4878
18,2023-10-04T18:00:00+00:00,16.74973,7.346211,27.799013,40.29315,3.8089638,333.4237,4878
19,2023-10-04T19:00:00+00:00,16.226873,7.666643,35.568638,35.68756,3.925379,321.9498,4878
20,2023-10-04T20:00:00+00:00,15.054489,7.1168084,26.011692,37.662773,3.8817234,352.6058,4878
21,2023-10-04T21:00:00+00:00,15.11845,5.9979687,23.424976,39.866867,3.76167,326.49576,4878
22,2023-10-04T22:00:00+00:00,12.532909,4.997633,21.082125,42.18784,4.332833,311.6435,4878
23,2023-10-04T23:00:00+00:00,12.196732,5.766064,19.463467,44.63458,5.260517,320.514,4878
0,2023-10-05T00:00:00+00:00,12.261039,5.3724327,16.703913,44.574753,5.458787,310.82892,4878
1,2023-10-05T01:00:00+00:00,11.4391365,5.2142797,17.020304,45.023914,6.486516,300.44095,4878
2,2023-10-05T02:00:00+00:00,11.564301,4.641187,14.475534,43.816483,6.2736945,290.24176,4878
3,2023-10-05T03:00:00+00:00,11.52174,5.1532316,16.6438,42.82101,5.9608283,272.016,4878
4,2023-10-05T04:00:00+00:00,11.549428,4.9011326,18.16716,38.529594,5.857146,290.97913,4878
5,2023-10-05T05:00:00+00:00,12.909136,5.691114,23.739632,35.122395,5.3969417,298.4143,4878
6,2023-10-05T06:00:00+00:00,13.613355,6.456538,30.891922,28.43905,4.294634,323.68213,4878
7,2023-10-05T07:00:00+00:00,16.560154,6.980017,34.19394,22.704746,5.7116265,339.34946,4878
8,2023-10-05T08:00:00+00:00,15.906867,7.847194,31.490856,23.277962,8.149073,343.54935,4878
9,2023-10-05T09:00:00+00:00,14.698156,7.7525477,33.500828,24.142042,10.535586,332.63123,4878
10,2023-10-05T10:00:00+00:00,16.532488,8.003658,26.080688,31.042877,11.452357,325.84198,4878
11,2023-10-05T11:00:00+00:00,18.483757,7.2419314,23.89559,32.92522,9.64792,317.75015,4878
12,2023-10-05T12:00:00+00:00,15.778705,6.613851,20.98116,41.91534,8.112693,319.06567,4878
13,2023-10-05T13:00:00+00:00,15.440302,6.4025006,17.125786,51.75178,8.829374,302.96698,4878
14,2023-10-05T14:00:00+00:00,15.238628,5.777552,16.230991,57.043343,8.432835,308.06668,4878
15,2023-10-05T15:00:00+00:00,16.52013,5.8427863,15.486254,59.539246,9.25138,306.384,4878
16,2023-10-05T16:00:00+00:00,16.654259,6.395108,17.66224,57.24049,8.138159,306.14447,4878
17,2023-10-05T17:00:00+00:00,16.810835,6.166358,21.15183,49.95513,5.7261786,318.90347,4878
18,2023-10-05T18:00:00+00:00,19.258385,6.875566,33.685432,32.59054,3.6161509,344.52982,4878
19,2023-10-05T19:00:00+00:00,15.008718,6.54118,33.146626,21.107456,2.7139323,357.88074,4878
20,2023-10-05T20:00:00+00:00,16.74357,6.7388988,34.5445,21.236631,1.4806573,348.76556,4878
21,2023-10-05T21:00:00+00:00,15.243533,7.3818307,33.87693,22.423023,3.0413504,340.26047,4878
22,2023-10-05T22:00:00+00:00,15.42724,7.2418394,35.45575,23.842836,2.9649527,332.9028,4878
23,2023-10-05T23:00:00+00:00,14.600756,7.159428,34.995583,25.593563,2.8448994,316.49356,4878
0,2023-10-06T00:00:00+00:00,15.299937,7.070791,30.90101,28.200716,2.3646863,306.22375,4878
1,2023-10-06T01:00:00+00:00,13.653049,7.280738,25.554981,27.519232,2.2118912,309.27676,4878
2,2023-10-06T02:00:00+00:00,14.029056,7.4944825,23.86514,29.454554,2.2737367,309.53146,4878
3,2023-10-06T03:00:00+00:00,13.010573,5.7771816,23.816458,28.18705,2.5138433,316.18243,4878
4,2023-10-06T04:00:00+00:00,15.630075,6.6599035,22.095304,23.747976,2.721208,294.94424,4878
5,2023-10-06T05:00:00+00:00,13.77299,7.674439,29.415028,23.291319,3.2196112,328.6643,4878
6,2023-10-06T06:00:00+00:00,13.783406,7.5160875,34.744663,21.188513,3.2086973,361.89484,4878
7,2023-10-06T07:00:00+00:00,16.050898,8.777607,37.660408,16.922764,3.8198779,357.84372,4878
8,2023-10-06T08:00:00+00:00,17.781473,9.246676,30.903643,28.626953,3.5215635,352.58612,4878
9,2023-10-06T09:00:00+00:00,19.077114,10.000238,28.002869,34.945618,3.1868694,346.113,4878
10,2023-10-06T10:00:00+00:00,17.128239,9.394083,26.221502,38.051884,3.3760443,346.01184,4878
11,2023-10-06T11:00:00+00:00,16.2418,8.203721,22.533806,43.40213,4.1909513,318.30463,4878
12,2023-10-06T12:00:00+00:00,17.798359,10.340148,19.797318,53.62814,8.916686,281.70877,4878
13,2023-10-06T13:00:00+00:00,22.280828,9.27858,18.505312,62.08719,4.4638,289.13156,4878
14,2023-10-06T14:00:00+00:00,22.866287,9.054048,16.852581,65.16011,6.9485397,306.80374,4878
15,2023-10-06T15:00:00+00:00,20.256521,7.3972006,16.412247,67.76932,7.6252036,315.79248,4878
16,2023-10-06T16:00:00+00:00,21.573696,9.456174,16.90974,66.929596,9.893483,302.6827,4878
17,2023-10-06T17:00:00+00:00,20.21358,8.986573,24.295979,65.268974,3.7434802,311.3525,4878
18,2023-10-06T18:00:00+00:00,21.196142,9.005501,25.815136,52.059525,7.927156,323.37885,4878
19,2023-10-06T19:00:00+00:00,18.128674,9.164044,33.6006,40.86906,1.7753336,332.02182,4878
20,2023-10-06T20:00:00+00:00,17.204557,8.538682,25.127634,47.2246,5.4460545,326.89862,4878
21,2023-10-06T21:00:00+00:00,15.340612,7.8097467,21.223976,50.02221,10.168151,367.42966,4878
22,2023-10-06T22:00:00+00:00,14.335492,7.197538,22.751928,50.18046,4.5110936,334.11548,4878
23,2023-10-06T23:00:00+00:00,13.578543,7.495532,18.437283,49.676666,2.5975168,310.21732,4878
0,2023-10-07T00:00:00+00:00,15.687112,7.9089775,19.91521,48.583405,11.048542,293.09607,4878
1,2023-10-07T01:00:00+00:00,14.152672,7.567249,24.7312,49.40022,6.519258,270.95938,4878
2,2023-10-07T02:00:00+00:00,17.667955,9.131383,18.80557,49.132412,9.833457,281.23257,4878
3,2023-10-07T03:00:00+00:00,16.999855,9.477031,17.621641,46.725178,7.1195245,272.77283,4878
4,2023-10-07T04:00:00+00:00,17.418789,9.60432,17.078537,45.205944,7.5306163,272.86353,4878
5,2023-10-07T05:00:00+00:00,16.574638,9.724333,17.597012,42.245518,8.20728,277.0862,4878
6,2023-10-07T06:00:00+00:00,16.20189,9.098632,19.757965,40.319294,11.445082,264.9725,4878
7,2023-10-07T07:00:00+00:00,16.131334,9.982652,23.26496,35.270473,6.4428606,268.0808,4878
8,2023-10-07T08:00:00+00:00,19.929813,11.715277,21.420437,37.70257,3.1213858,315.88123,4878
9,2023-10-07T09:00:00+00:00,16.01641,10.339008,18.99574,49.342648,7.352355,247.53203,4878
10,2023-10-07T10:00:00+00:00,15.4151,8.553059,14.460983,59.277473,13.471436,274.57513,4878
11,2023-10-07T11:00:00+00:00,15.382081,8.167276,11.366888,63.73765,10.044459,271.26947,4878
12,2023-10-07T12:00:00+00:00,17.579311,9.000556,9.880751,70.02993,12.925738,270.64975,4878
13,2023-10-07T13:00:00+00:00,19.210209,8.276349,9.692002,77.44542,9.022187,274.57672,4878
14,2023-10-07T14:00:00+00:00,18.700861,8.041517,10.739314,78.73791,7.385097,272.75012,4878
15,2023-10-07T15:00:00+00:00,19.063173,9.658616,12.045368,80.24647,10.506483,246.94531,4878
16,2023-10-07T16:00:00+00:00,20.693867,8.370201,12.346395,79.368164,5.7334547,254.60222,4878
17,2023-10-07T17:00:00+00:00,20.403675,8.938675,14.264529,74.83711,1.8026185,263.63675,4878
18,2023-10-07T18:00:00+00:00,20.431704,9.106634,17.626009,61.47928,1.6189005,279.5061,4878
19,2023-10-07T19:00:00+00:00,17.270447,8.095455,23.486927,47.19235,1.4770194,279.8368,4878
20,2023-10-07T20:00:00+00:00,18.709082,7.5870485,20.8057,45.941086,2.0954757,289.9034,4878
21,2023-10-07T21:00:00+00:00,18.456244,8.672718,22.395412,45.788216,2.1354935,285.73355,4878
22,2023-10-07T22:00:00+00:00,18.22251,8.00437,24.770998,43.609447,2.1846063,280.5748,4878
23,2023-10-07T23:00:00+00:00,17.661663,7.895148,28.187376,36.76295,2.0991137,284.75824,4878
0,2023-10-08T00:00:00+00:00,19.275318,7.915636,14.182811,32.53804,1.1350493,315.9225,4878
1,2023-10-08T01:00:00+00:00,17.582462,7.4908624,29.629066,31.902489,0.010913936,280.61633,4878
2,2023-10-08T02:00:00+00:00,15.188009,7.4753146,30.571186,27.927464,8.887582,271.02115,4878
3,2023-10-08T03:00:00+00:00,16.735493,8.145768,26.716448,18.506674,3.421519,262.16095,4878
4,2023-10-08T04:00:00+00:00,16.417416,8.458321,25.376822,17.176838,7.3086996,261.64618,4878
5,2023-10-08T05:00:00+00:00,21.085508,9.937766,23.78699,18.238153,4.489266,280.3914,4878
6,2023-10-08T06:00:00+00:00,17.01248,9.785529,21.422274,21.580957,1.7207639,271.75958,4878
7,2023-10-08T07:00:00+00:00,17.899313,10.01833,23.023537,13.832745,0.69849193,284.16226,4878
8,2023-10-08T08:00:00+00:00,21.52683,11.472642,28.222164,12.747292,1.6552804,298.1653,4878
9,2023-10-08T09:00:00+00:00,25.80516,13.151101,30.178057,17.138775,1.1241355,297.30316,4878
10,2023-10-08T10:00:00+00:00,31.506353,16.099632,30.690018,20.195698,5.842594,323.47128,4878
11,2023-10-08T11:00:00+00:00,31.345432,16.489384,25.230316,29.548044,4.62569,337.61502,4878
12,2023-10-08T12:00:00+00:00,29.105461,14.14162,20.728294,41.827763,2.9831426,334.30963,4878
13,2023-10-08T13:00:00+00:00,30.337755,13.373405,16.770195,57.33756,2.6248016,315.31143,4878
14,2023-10-08T14:00:00+00:00,29.860943,12.962774,17.844286,67.54561,3.322384,287.9574,4878
15,2023-10-08T15:00:00+00:00,26.804691,11.987426,18.675594,54.716873,2.408342,296.5729,4878
16,2023-10-08T16:00:00+00:00,30.166216,12.764442,22.07178,43.942123,2.4319887,313.64877,4878
17,2023-10-08T17:00:00+00:00,25.884804,12.03445,26.138752,27.677742,2.7102942,332.40097,4878
18,2023-10-08T18:00:00+00:00,23.589775,12.12698,36.744823,4.663889,2.8849173,378.4288,4878
19,2023-10-08T19:00:00+00:00,26.401152,15.843165,35.11188,0.2219167,2.143679,437.27692,4878
20,2023-10-08T20:00:00+00:00,24.982754,14.698082,33.31705,0.43292904,1.7353159,403.5859,4878
21,2023-10-08T21:00:00+00:00,23.034006,14.9609,30.205414,0.094702736,1.7535058,425.55093,4878
22,2023-10-08T22:00:00+00:00,21.390032,12.869655,35.534367,0.09368205,1.9517757,377.9795,4878
23,2023-10-08T23:00:00+00:00,20.882044,11.737962,35.52662,0.032427885,2.4610927,366.44803,4878
0,2023-10-09T00:00:00+00:00,20.911663,11.68403,38.534595,10.1736355,2.6047928,295.65424,4878
1,2023-10-09T01:00:00+00:00,22.061739,12.8964205,40.89821,17.49132,3.417881,272.5544,4878
2,2023-10-09T02:00:00+00:00,19.499807,12.523158,44.656357,19.74242,3.3287506,285.57742,4878
3,2023-10-09T03:00:00+00:00,21.414806,14.997141,42.417023,15.23073,4.1945896,311.2347,4878
4,2023-10-09T04:00:00+00:00,25.262423,15.930745,40.48371,17.469015,4.371941,294.17804,4878
5,2023-10-09T05:00:00+00:00,29.077356,16.887753,46.06779,13.164787,3.965397,288.17935,4878
6,2023-10-09T06:00:00+00:00,29.384666,16.953123,50.22261,7.160806,4.3728504,325.85764,4878
7,2023-10-09T07:00:00+00:00,36.341667,22.418385,52.918354,1.6562349,4.7912183,352.0844,4878
8,2023-10-09T08:00:00+00:00,47.31723,28.390457,50.29147,7.8257976,4.612957,348.22385,4878
9,2023-10-09T09:00:00+00:00,39.15804,23.196247,39.42316,20.319605,4.976755,308.16113,4878
10,2023-10-09T10:00:00+00:00,36.169903,26.918415,37.140305,25.873384,9.262294,308.11676,4878
11,2023-10-09T11:00:00+00:00,36.30104,24.801292,33.31443,34.010887,14.384568,300.30896,4878
12,2023-10-09T12:00:00+00:00,37.420547,23.967222,33.09471,35.733433,13.627869,284.17212,4878
13,2023-10-09T13:00:00+00:00,37.15664,22.600977,31.998304,41.323418,15.490514,281.92886,4878
14,2023-10-09T14:00:00+00:00,31.612461,17.256264,31.10657,43.465424,14.151737,291.34592,4878
15,2023-10-09T15:00:00+00:00,33.17826,14.811766,34.080795,41.40052,11.4159775,304.45175,4878
16,2023-10-09T16:00:00+00:00,27.49063,12.040044,35.5945,44.015118,4.849426,297.09714,4878
17,2023-10-09T17:00:00+00:00,26.651833,11.23215,41.31037,33.59317,2.9467628,297.08896,4878
18,2023-10-09T18:00:00+00:00,28.046507,12.888827,49.420048,15.505103,2.9431248,343.6889,4878
19,2023-10-09T19:00:00+00:00,26.122887,14.196561,51.00106,11.252335,2.7011993,376.86072,4878
20,2023-10-09T20:00:00+00:00,25.207653,14.659316,50.410835,15.395955,2.750312,427.0373,4878
21,2023-10-09T21:00:00+00:00,23.656641,14.829696,46.62348,9.622619,2.4319887,461.44016,4878
22,2023-10-09T22:00:00+00:00,27.622026,16.27162,42.61543,6.85759,2.5047483,516.45715,4878
23,2023-10-09T23:00:00+00:00,24.190256,16.439497,38.129757,6.279161,2.5211194,520.6239,4878
0,2023-10-10T00:00:00+00:00,22.526375,16.297068,27.183895,4.5474734,1.8717401,548.2892,4878
1,2023-10-10T01:00:00+00:00,24.27267,17.593483,28.272127,5.5079093,2.3010216,487.35358,4878
2,2023-10-10T02:00:00+00:00,32.307514,21.998867,24.156939,5.678914,1.2660166,393.0648,4878
3,2023-10-10T03:00:00+00:00,39.9305,26.393799,22.592154,8.787754,1.4551915,341.6898,4878
4,2023-10-10T04:00:00+00:00,34.69207,22.901293,24.892284,8.683235,1.6225386,311.10254,4878
5,2023-10-10T05:00:00+00:00,30.711334,20.882027,32.207027,10.2981205,1.9608706,330.88892,4878
6,2023-10-10T06:00:00+00:00,34.531662,20.889416,41.050953,7.355254,2.1682353,342.85873,4878
7,2023-10-10T07:00:00+00:00,31.290401,21.689634,42.436214,8.2412615,1.8517312,377.31436,4878
8,2023-10-10T08:00:00+00:00,32.90451,19.732492,41.533752,13.140795,2.7284842,345.80835,4878
9,2023-10-10T09:00:00+00:00,31.689898,18.166658,37.88462,20.515324,4.780304,349.2548,4878
10,2023-10-10T10:00:00+00:00,29.84853,17.946169,33.993313,29.76397,7.927156,389.49628,4878
11,2023-10-10T11:00:00+00:00,26.227402,13.881121,30.638695,58.69698,5.2823453,328.31317,4878
12,2023-10-10T12:00:00+00:00,24.886702,10.0417595,29.55222,68.00924,8.098141,298.54498,4878
13,2023-10-10T13:00:00+00:00,22.377249,7.987781,26.094141,74.042984,6.2282195,259.52698,4878
14,2023-10-10T14:00:00+00:00,22.415552,8.095527,25.281044,74.269196,5.842594,245.19974,4878
15,2023-10-10T15:00:00+00:00,25.394417,8.641452,23.047384,76.690605,5.373295,246.60614,4878
16,2023-10-10T16:00:00+00:00,27.824518,9.198235,24.117197,72.67954,4.8821673,242.37679,4878
17,2023-10-10T17:00:00+00:00,30.257439,10.303718,32.065197,64.02843,4.059984,258.51294,4878
18,2023-10-10T18:00:00+00:00,28.813625,10.121231,34.88826,56.992577,3.1341188,218.13763,4878
19,2023-10-10T19:00:00+00:00,27.350384,11.620168,33.0547,53.951225,3.088644,278.1887,4878
20,2023-10-10T20:00:00+00:00,27.185232,11.525505,31.617752,56.08672,2.8485374,264.91837,4878
21,2023-10-10T21:00:00+00:00,24.946898,10.443675,26.520918,59.779266,3.1777744,262.06927,4878
22,2023-10-10T22:00:00+00:00,20.762474,9.386366,25.782516,58.70608,3.3542166,247.43147,4878
23,2023-10-10T23:00:00+00:00,19.88512,9.026043,22.0316,54.995422,3.5852282,228.88673,4878
0,2023-10-11T00:00:00+00:00,19.093182,8.526998,22.58463,51.59345,3.4369805,224.19002,4878
1,2023-10-11T01:00:00+00:00,18.779697,8.714206,20.643871,52.169018,2.5729606,255.01857,4878
2,2023-10-11T02:00:00+00:00,19.851597,9.659006,24.373217,54.319206,3.5533957,248.59375,4878
3,2023-10-11T03:00:00+00:00,20.497017,10.5762005,22.038889,52.65856,4.245521,238.62364,4878
4,2023-10-11T04:00:00+00:00,20.684378,10.827288,24.083452,49.841377,4.3837643,245.99808,4878
5,2023-10-11T05:00:00+00:00,22.026112,11.714414,29.260302,44.557884,3.9399312,268.98007,4878
6,2023-10-11T06:00:00+00:00,22.728155,12.118549,33.543865,40.803394,4.101821,290.12762,4878
7,2023-10-11T07:00:00+00:00,27.676054,12.966659,34.768524,37.364117,4.4001355,326.86588,4878
8,2023-10-11T08:00:00+00:00,28.58031,14.200568,31.421343,42.384693,4.8476067,289.91147,4878
9,2023-10-11T09:00:00+00:00,30.471746,15.829102,24.421682,49.02354,9.076757,283.319,4878
10,2023-10-11T10:00:00+00:00,34.306904,19.359741,20.70727,52.661995,6.6065693,294.3005,4878
11,2023-10-11T11:00:00+00:00,39.14034,18.54936,16.301569,53.193565,6.6065693,273.87445,4878
12,2023-10-11T12:00:00+00:00,39.686382,20.487806,14.493708,57.03619,7.745257,250.56729,4878
13,2023-10-11T13:00:00+00:00,37.185482,19.577656,14.875695,60.048584,10.240911,234.9546,4878
14,2023-10-11T14:00:00+00:00,35.126167,18.628613,18.222315,61.935005,6.817572,234.4777,4878
15,2023-10-11T15:00:00+00:00,37.88285,16.690773,20.608894,59.926037,6.206392,211.92175,4878
16,2023-10-11T16:00:00+00:00,38.49902,13.758697,22.886438,56.02143,5.1095414,255.0683,4878
17,2023-10-11T17:00:00+00:00,35.964073,13.689209,23.039484,51.45921,5.3987603,250.42831,4878
18,2023-10-11T18:00:00+00:00,33.415028,12.216921,34.412064,37.849533,4.3764887,285.61395,4878
19,2023-10-11T19:00:00+00:00,29.988087,11.624555,37.35116,32.95659,4.9094524,280.0931,4878
20,2023-10-11T20:00:00+00:00,28.573624,11.275741,33.676785,35.612488,5.682523,270.83704,4878
21,2023-10-11T21:00:00+00:00,31.004791,11.436904,30.751839,43.27312,3.0595403,253.0264,4878
22,2023-10-11T22:00:00+00:00,30.647715,11.722868,20.214499,49.165943,4.951289,244.06685,4878
23,2023-10-11T23:00:00+00:00,30.698526,12.800809,13.660617,51.159874,9.993527,220.43346,4878
0,2023-10-12T00:00:00+00:00,27.277655,11.340956,10.977633,50.343403,10.679287,227.02841,4878
1,2023-10-12T01:00:00+00:00,27.287054,12.717815,11.148586,47.969776,10.135409,218.47952,4878
2,2023-10-12T02:00:00+00:00,22.874063,13.778437,9.2331915,45.45681,8.396455,203.62744,4878
3,2023-10-12T03:00:00+00:00,23.860167,13.132237,10.3373165,42.663273,6.522896,192.30174,4878
4,2023-10-12T04:00:00+00:00,22.259718,12.250638,14.4591465,37.711044,5.9735613,204.16971,4878
5,2023-10-12T05:00:00+00:00,22.294882,11.490383,18.799255,32.621418,5.0822563,217.1833,4878
6,2023-10-12T06:00:00+00:00,22.920683,11.367922,27.743252,29.221718,4.5656633,239.4371,4878
7,2023-10-12T07:00:00+00:00,22.530724,13.297062,28.9144,24.177649,3.9799488,274.80594,4878
8,2023-10-12T08:00:00+00:00,26.26963,13.99637,30.837353,29.941923,4.183676,284.43973,4878
9,2023-10-12T09:00:00+00:00,23.305107,12.230688,27.60089,27.248358,3.9144652,270.83353,4878
10,2023-10-12T10:00:00+00:00,26.013838,13.316606,27.607916,26.21736,4.016329,257.84036,4878
11,2023-10-12T11:00:00+00:00,23.371172,12.859281,24.867413,27.46745,4.838512,240.32977,4878
12,2023-10-12T12:00:00+00:00,20.67986,12.030972,20.481892,32.935246,4.9112716,223.20105,4878
13,2023-10-12T13:00:00+00:00,18.52614,11.123177,20.958408,33.27111,3.7180142,207.43773,4878
14,2023-10-12T14:00:00+00:00,19.98603,10.4577675,23.363216,34.485096,4.7366486,227.78198,4878
15,2023-10-12T15:00:00+00:00,15.627265,8.529418,20.380005,29.68806,3.1759555,251.14148,4878
16,2023-10-12T16:00:00+00:00,18.078312,10.398389,22.699484,26.35064,2.5975168,254.51518,4878
17,2023-10-12T17:00:00+00:00,17.326338,11.392654,22.812645,22.944733,2.1645973,266.9843,4878
18,2023-10-12T18:00:00+00:00,17.695704,10.555322,24.420975,24.02885,1.5897968,232.92273,4878
19,2023-10-12T19:00:00+00:00,18.394754,9.652661,22.736757,26.120687,2.1846063,250.20265,4878
20,2023-10-12T20:00:00+00:00,16.07857,8.707965,20.016823,29.944204,2.3228495,231.76851,4878
21,2023-10-12T21:00:00+00:00,14.289134,6.4310102,15.10125,32.36728,3.0504453,224.93443,4878
22,2023-10-12T22:00:00+00:00,13.650712,6.399471,15.377746,33.28306,3.785317,234.33157,4878
23,2023-10-12T23:00:00+00:00,14.876042,6.070965,12.943985,34.941746,4.30191,243.82396,4878
0,2023-10-13T00:00:00+00:00,12.270442,5.640485,11.305044,35.46572,4.14002,241.19754,4878
1,2023-10-13T01:00:00+00:00,12.530487,5.2566376,11.026734,35.844765,3.2832758,212.27783,4878
2,2023-10-13T02:00:00+00:00,12.041179,5.15555,8.697574,33.698895,2.8703654,194.97467,4878
3,2023-10-13T03:00:00+00:00,14.392011,7.068693,7.924437,28.613108,2.1664164,188.54129,4878
4,2023-10-13T04:00:00+00:00,21.218172,12.333756,9.038657,25.899797,3.0267982,197.51045,4878
5,2023-10-13T05:00:00+00:00,17.311502,8.761329,13.611498,25.439983,2.6011548,192.59648,4878
6,2023-10-13T06:00:00+00:00,21.690802,8.95295,15.39124,26.12062,2.8703654,203.56715,4878
7,2023-10-13T07:00:00+00:00,23.80458,9.890326,17.41028,27.226664,2.928573,204.43039,4878
8,2023-10-13T08:00:00+00:00,27.99148,11.054137,15.736699,33.227978,2.8121576,211.85324,4878
9,2023-10-13T09:00:00+00:00,24.411896,12.590663,13.924368,39.70569,3.0777302,217.66278,4878
10,2023-10-13T10:00:00+00:00,32.924282,13.723272,13.447937,45.90874,3.5215635,232.92299,4878
11,2023-10-13T11:00:00+00:00,41.159187,13.492444,13.069465,50.292736,3.3323886,227.09836,4878
12,2023-10-13T12:00:00+00:00,30.447313,17.220732,13.782754,50.18776,3.5215635,220.07985,4878
13,2023-10-13T13:00:00+00:00,46.570633,18.652086,14.124459,51.11965,4.016329,199.97946,4878
14,2023-10-13T14:00:00+00:00,37.809376,16.413013,13.968021,53.23048,3.623427,197.09071,4878
15,2023-10-13T15:00:00+00:00,38.186066,15.461875,12.951204,53.303936,5.9044394,209.06714,4878
16,2023-10-13T16:00:00+00:00,33.792007,14.28439,15.251853,50.478043,4.2618923,205.9066,4878
17,2023-10-13T17:00:00+00:00,31.901234,14.898573,15.184948,47.919456,3.947207,198.06158,4878
18,2023-10-13T18:00:00+00:00,32.189697,16.985197,12.2600155,47.381035,3.9271982,183.65704,4878
19,2023-10-13T19:00:00+00:00,31.43256,15.6475935,12.378287,47.832146,4.065441,194.22174,4878
20,2023-10-13T20:00:00+00:00,34.898056,17.25845,10.993979,49.483788,3.9235601,192.89459,4878
21,2023-10-13T21:00:00+00:00,38.244812,23.67951,8.378332,56.057617,4.0308805,201.37474,4878
22,2023-10-13T22:00:00+00:00,41.983906,20.25581,7.8690104,58.553276,4.7275534,223.19362,4878
23,2023-10-13T23:00:00+00:00,31.268332,17.864077,6.7885046,57.838665,10.506483,243.69234,4878
0,2023-10-14T00:00:00+00:00,15.12159,4.5881653,9.240468,58.8551,9.395081,196.34596,4878
1,2023-10-14T01:00:00+00:00,8.369608,2.970079,8.614852,50.487823,4.5365596,236.1367,4878
2,2023-10-14T02:00:00+00:00,11.716808,5.0914245,7.987474,56.474545,5.522452,228.61966,4878
3,2023-10-14T03:00:00+00:00,12.808911,5.8636036,10.000898,55.56292,8.421921,238.21379,4878
4,2023-10-14T04:00:00+00:00,13.174708,5.52692,11.028583,54.190346,7.05586,237.50327,4878
5,2023-10-14T05:00:00+00:00,14.189096,5.4378586,11.894379,44.552937,9.074938,228.80716,4878
6,2023-10-14T06:00:00+00:00,14.549075,5.559121,15.155896,36.594215,10.240911,224.77751,4878
7,2023-10-14T07:00:00+00:00,15.044723,6.593193,25.216703,28.946892,10.182703,231.65312,4878
8,2023-10-14T08:00:00+00:00,15.260246,6.592967,20.551222,32.84209,8.043571,243.38766,4878
9,2023-10-14T09:00:00+00:00,17.827766,7.2256923,16.160322,41.224472,8.061761,241.08983,4878
10,2023-10-14T10:00:00+00:00,16.635681,6.586021,12.227336,47.607216,10.440999,228.44647,4878
11,2023-10-14T11:00:00+00:00,15.239298,5.849762,10.126361,53.322506,10.923032,227.18033,4878
12,2023-10-14T12:00:00+00:00,15.891263,6.5917897,10.845575,57.11812,9.225914,214.46344,4878
13,2023-10-14T13:00:00+00:00,14.133223,6.427399,10.5026455,58.8522,9.506039,226.67392,4878
14,2023-10-14T14:00:00+00:00,12.30259,5.525882,10.31172,58.097145,8.56744,226.14131,4878
15,2023-10-14T15:00:00+00:00,11.822584,4.6330113,11.290392,56.79401,5.336915,228.74713,4878
16,2023-10-14T16:00:00+00:00,11.759746,4.3517647,12.565582,54.282494,13.71518,235.69249,4878
17,2023-10-14T17:00:00+00:00,11.230824,3.7838168,19.5214,41.73853,10.415533,238.37141,4878
18,2023-10-14T18:00:00+00:00,12.426726,4.3712773,28.09611,27.797796,4.9021764,268.60065,4878
19,2023-10-14T19:00:00+00:00,15.098706,6.104613,37.134895,0.22919266,5.487891,285.11456,4878
20,2023-10-14T20:00:00+00:00,15.535198,6.723726,31.15046,0.45838532,12.806595,315.90436,4878
21,2023-10-14T21:00:00+00:00,28.235878,19.515152,28.512974,0.20372681,8.3928175,317.14798,4878
22,2023-10-14T22:00:00+00:00,16.565742,9.278487,30.377123,1.1532881,6.1245375,326.94525,4878
23,2023-10-14T23:00:00+00:00,14.671071,8.766114,26.499043,0.026073096,10.080839,277.58798,4878
0,2023-10-15T00:00:00+00:00,13.160322,8.265083,25.542255,8.17191,5.6261344,260.78854,4878
1,2023-10-15T01:00:00+00:00,8.83845,6.985373,14.91758,30.46136,3.3514879,259.23978,4878
2,2023-10-15T02:00:00+00:00,7.8153396,3.4453042,12.947572,24.35446,2.3510437,247.56122,4878
3,2023-10-15T03:00:00+00:00,7.223407,2.8612883,12.35823,22.944916,2.8258,255.6362,4878
4,2023-10-15T04:00:00+00:00,6.8217263,3.3747947,13.686586,24.311655,2.935849,259.73917,4878
5,2023-10-15T05:00:00+00:00,7.847322,3.7490482,12.094461,27.872154,5.728907,255.57327,4878
6,2023-10-15T06:00:00+00:00,7.741853,3.7620182,16.440052,32.079266,3.0477169,253.65703,4878
7,2023-10-15T07:00:00+00:00,8.347673,3.7278945,11.480084,37.250347,3.3514879,266.77753,4878
8,2023-10-15T08:00:00+00:00,6.7380733,3.499406,12.841181,40.812965,6.7157087,268.82175,4878
9,2023-10-15T09:00:00+00:00,7.875653,3.7180247,12.180862,47.064045,6.9285307,252.85995,4878
10,2023-10-15T10:00:00+00:00,6.5630183,3.5020857,11.488737,50.02374,6.7811923,235.82652,4878
11,2023-10-15T11:00:00+00:00,8.063269,3.3546822,10.915755,49.63937,6.650225,222.63882,4878
12,2023-10-15T12:00:00+00:00,7.454421,3.0272086,10.90666,59.020817,6.868504,217.86842,4878
13,2023-10-15T13:00:00+00:00,7.6545506,2.41585,10.116309,62.921608,6.26369,212.10858,4878
14,2023-10-15T14:00:00+00:00,8.061937,3.5424635,11.526739,63.733345,6.5538187,203.76994,4878
15,2023-10-15T15:00:00+00:00,7.22012,3.5514636,9.978819,59.334717,6.1063476,214.04103,4878
16,2023-10-15T16:00:00+00:00,8.180908,3.588873,10.961243,55.11966,3.50974,223.5696,4878
17,2023-10-15T17:00:00+00:00,11.652852,3.245173,19.148535,41.90171,4.251888,247.43718,4878
18,2023-10-15T18:00:00+00:00,11.094485,5.0889482,27.45795,23.946217,3.5288393,295.21304,4878
19,2023-10-15T19:00:00+00:00,14.495884,7.151504,36.107296,8.9335375,4.426511,333.0197,4878
20,2023-10-15T20:00:00+00:00,17.14636,9.848234,38.03537,6.041947,3.3105607,343.4657,4878
21,2023-10-15T21:00:00+00:00,14.84328,10.230087,33.158367,7.592649,3.59978,359.33325,4878
22,2023-10-15T22:00:00+00:00,15.516246,10.430198,28.929335,10.930459,3.243258,384.40353,4878
23,2023-10-15T23:00:00+00:00,14.87217,10.55208,29.90085,8.204928,3.8990037,372.35202,4878
0,2023-10-16T00:00:00+00:00,14.729744,10.016773,26.959267,11.267525,3.688001,358.3783,4878
1,2023-10-16T01:00:00+00:00,14.382264,10.233981,26.055204,2.2028713,4.577487,339.50723,4878
2,2023-10-16T02:00:00+00:00,13.803306,9.353957,24.954926,4.914832,4.613867,330.3736,4878
3,2023-10-16T03:00:00+00:00,11.416031,7.3965845,16.693487,3.6327493,4.478352,339.8481,4878
4,2023-10-16T04:00:00+00:00,12.093165,8.324807,29.162794,1.0456101,3.6889105,343.93134,4878
5,2023-10-16T05:00:00+00:00,13.36385,9.840939,31.964233,1.6836551,3.3896868,372.35974,4878
6,2023-10-16T06:00:00+00:00,14.592809,11.841037,34.423702,0.7233859,4.7857614,410.19284,4878
7,2023-10-16T07:00:00+00:00,21.51959,14.188863,34.407513,0.14506704,6.308255,557.26904,4878
8,2023-10-16T08:00:00+00:00,21.01302,15.880882,45.357967,0.008519847,9.615178,553.66223,4878
9,2023-10-16T09:00:00+00:00,28.58264,18.378208,49.443775,0.30654457,16.443665,560.5691,4878
10,2023-10-16T10:00:00+00:00,21.890318,13.610184,48.40677,13.223337,10.109943,428.96613,4878
11,2023-10-16T11:00:00+00:00,14.057571,8.274122,33.75502,38.700245,5.296897,323.35025,4878
12,2023-10-16T12:00:00+00:00,10.310506,4.7053285,19.304985,43.575798,4.292815,293.4398,4878
13,2023-10-16T13:00:00+00:00,11.060287,3.611609,12.644995,53.713623,2.721208,259.3741,4878
14,2023-10-16T14:00:00+00:00,10.289535,3.9028091,12.534971,55.35112,0.0,261.0312,4878
15,2023-10-16T15:00:00+00:00,10.443857,3.8480086,13.608052,56.07654,1.8735591,254.89973,4878
16,2023-10-16T16:00:00+00:00,10.684892,4.3792663,13.582817,50.845467,1.1605152,266.41965,4878
17,2023-10-16T17:00:00+00:00,10.649236,4.4922557,17.348618,42.72108,1.7098501,291.57898,4878
18,2023-10-16T18:00:00+00:00,14.206984,6.872046,20.917875,33.771454,2.1245797,353.61545,4878
19,2023-10-16T19:00:00+00:00,14.265697,8.4570465,21.350994,22.664732,1.4770194,405.94452,4878
20,2023-10-16T20:00:00+00:00,14.895894,8.305108,19.641214,29.919054,1.7462299,397.49005,4878
21,2023-10-16T21:00:00+00:00,15.340833,9.317721,18.316988,29.517042,1.4752004,388.83023,4878
22,2023-10-16T22:00:00+00:00,16.861282,10.995813,17.287828,28.261747,2.1009328,616.0919,4878
23,2023-10-16T23:00:00+00:00,18.223145,11.55664,18.310226,18.614557,3.0031514,792.9371,4878
0,2023-10-17T00:00:00+00:00,20.635992,13.84549,18.24781,19.231575,3.083187,840.77936,4878
1,2023-10-17T01:00:00+00:00,18.253319,12.6591425,17.481949,19.39469,2.838533,747.98004,4878
2,2023-10-17T02:00:00+00:00,19.933538,13.195893,16.405054,16.174002,2.5138433,685.00586,4878
3,2023-10-17T03:00:00+00:00,19.601595,13.096257,15.5755625,18.784252,2.0172594,469.4932,4878
4,2023-10-17T04:00:00+00:00,17.433596,11.74698,14.804143,20.623417,2.0845618,393.63452,4878
5,2023-10-17T05:00:00+00:00,17.435713,12.284757,23.793184,19.564468,2.300112,355.657,4878
6,2023-10-17T06:00:00+00:00,16.970224,11.764115,24.38084,16.84036,2.2628229,350.25385,4878
7,2023-10-17T07:00:00+00:00,18.265158,12.037753,25.370256,17.121468,2.6047928,368.7136,4878
8,2023-10-17T08:00:00+00:00,17.367414,11.57903,24.624575,19.132309,2.9758666,339.6149,4878
9,2023-10-17T09:00:00+00:00,14.763501,10.241154,22.133577,22.593952,2.4956534,313.90427,4878
10,2023-10-17T10:00:00+00:00,14.748291,8.754026,17.481167,31.247974,3.085006,300.65005,4878
11,2023-10-17T11:00:00+00:00,10.756768,6.2158117,15.172052,43.5632,3.4415278,263.6866,4878
12,2023-10-17T12:00:00+00:00,9.595259,5.4057245,14.547442,47.590897,2.5975168,248.56064,4878
13,2023-10-17T13:00:00+00:00,11.501627,5.6506767,14.316357,49.97129,3.758032,253.03339,4878
14,2023-10-17T14:00:00+00:00,12.457943,5.2150517,13.437277,51.714058,3.5288393,256.7359,4878
15,2023-10-17T15:00:00+00:00,11.863454,4.2450113,14.697459,50.073166,3.412424,265.03845,4878
16,2023-10-17T16:00:00+00:00,10.856963,3.851549,18.301365,46.566128,3.3833203,286.07492,4878
17,2023-10-17T17:00:00+00:00,13.332578,4.591129,19.99806,41.622116,3.25781,305.64993,4878
18,2023-10-17T18:00:00+00:00,16.67755,6.6183896,25.473553,39.224686,3.2396202,335.57614,4878
19,2023-10-17T19:00:00+00:00,17.167141,9.432435,22.16707,36.819984,2.8812792,380.2802,4878
20,2023-10-17T20:00:00+00:00,19.176405,11.794359,22.152412,32.73635,2.6975613,386.4008,4878
21,2023-10-17T21:00:00+00:00,18.058445,11.441539,20.798464,29.84052,2.7539499,360.90607,4878
22,2023-10-17T22:00:00+00:00,15.441777,9.961291,19.99072,27.781425,2.7666829,343.91904,4878
23,2023-10-17T23:00:00+00:00,15.022769,9.105865,18.699265,27.69957,2.6775525,319.34604,4878
0,2023-10-18T00:00:00+00:00,14.130109,9.109519,16.677105,27.041166,2.3082976,300.42545,4878
1,2023-10-18T01:00:00+00:00,12.401675,8.632902,16.720198,26.85026,2.3828762,296.6612,4878
2,2023-10-18T02:00:00+00:00,11.093515,8.498744,15.861709,25.331675,2.3046596,289.67468,4878
3,2023-10-18T03:00:00+00:00,13.757375,8.262929,16.729322,23.953081,1.9108484,285.49823,4878
4,2023-10-18T04:00:00+00:00,13.411078,8.514207,16.909914,22.320227,1.7716957,283.7893,4878
5,2023-10-18T05:00:00+00:00,12.913573,8.195059,21.501057,18.91864,1.808985,289.9737,4878
6,2023-10-18T06:00:00+00:00,14.812313,8.357729,30.482645,16.499912,1.9499567,308.19995,4878
7,2023-10-18T07:00:00+00:00,17.131727,8.955296,27.409712,14.938008,2.2846508,322.72702,4878
8,2023-10-18T08:00:00+00:00,15.019726,8.613872,23.545416,18.810268,2.066372,326.16086,4878
9,2023-10-18T09:00:00+00:00,15.975385,8.468042,21.507746,22.743298,2.240995,312.08377,4878
10,2023-10-18T10:00:00+00:00,15.3989315,9.12042,19.721615,28.430256,2.1973393,306.08023,4878
11,2023-10-18T11:00:00+00:00,14.745271,8.666353,17.040295,35.451756,2.0809238,261.40158,4878
12,2023-10-18T12:00:00+00:00,14.992841,8.18718,16.028976,38.696213,1.9790604,252.68454,4878
13,2023-10-18T13:00:00+00:00,16.853174,8.062785,15.268606,41.422127,2.3137546,247.74655,4878
14,2023-10-18T14:00:00+00:00,17.783003,8.383121,16.869413,42.939827,2.05182,247.30081,4878
15,2023-10-18T15:00:00+00:00,18.36905,8.995822,16.753002,41.596573,1.8044375,247.7839,4878
16,2023-10-18T16:00:00+00:00,19.595703,8.581358,19.383171,35.921402,1.7535058,269.68533,4878
17,2023-10-18T17:00:00+00:00,20.670338,8.574307,21.675083,31.352102,2.1245797,270.53818,4878
18,2023-10-18T18:00:00+00:00,20.578123,9.8610525,20.62734,30.500814,1.9790604,275.3708,4878
19,2023-10-18T19:00:00+00:00,18.428183,10.411903,17.276764,29.307558,1.6807462,268.96887,4878
20,2023-10-18T20:00:00+00:00,15.338265,9.400648,16.775091,26.33169,1.724402,273.98523,4878
21,2023-10-18T21:00:00+00:00,11.467572,5.879192,14.009994,27.561327,1.6552804,257.26764,4878
22,2023-10-18T22:00:00+00:00,13.070001,8.193061,12.471005,26.491762,1.8608261,228.08478,4878
23,2023-10-18T23:00:00+00:00,13.891506,8.265665,12.762038,24.803926,1.5115802,196.8831,4878
0,2023-10-19T00:00:00+00:00,10.257029,5.995407,10.535587,29.278454,1.7826096,172.02373,4878
1,2023-10-19T01:00:00+00:00,6.525019,2.1282744,6.0972795,39.880817,2.253728,171.92574,4878
2,2023-10-19T02:00:00+00:00,6.667833,2.0887702,5.6006794,39.562916,2.764864,192.30815,4878
3,2023-10-19T03:00:00+00:00,7.390379,2.5005054,6.528362,46.736046,3.0613592,201.6934,4878
4,2023-10-19T04:00:00+00:00,8.334368,2.954041,9.040824,42.019306,4.483809,204.93785,4878
5,2023-10-19T05:00:00+00:00,9.721495,3.667085,14.082621,34.643402,3.5588527,217.59114,4878
6,2023-10-19T06:00:00+00:00,13.077705,4.7439384,17.735163,34.271626,1.726221,245.10078,4878
7,2023-10-19T07:00:00+00:00,13.6237955,5.617579,19.527033,31.574253,1.5170372,251.99117,4878
8,2023-10-19T08:00:00+00:00,15.570602,6.184566,22.962938,31.553463,2.4811015,252.81915,4878
9,2023-10-19T09:00:00+00:00,13.942396,6.193058,20.499504,34.380035,2.4556358,249.08545,4878
10,2023-10-19T10:00:00+00:00,15.088665,6.185917,16.42549,38.758553,2.1536834,231.67714,4878
11,2023-10-19T11:00:00+00:00,16.213673,7.149913,14.339103,39.374332,2.1318555,210.19608,4878
12,2023-10-19T12:00:00+00:00,14.556869,6.5734296,12.938492,38.506012,1.5606929,216.18953,4878
13,2023-10-19T13:00:00+00:00,14.439714,6.074528,13.225154,35.444546,1.5861588,230.6849,4878
14,2023-10-19T14:00:00+00:00,12.010732,4.935578,12.898171,35.051502,1.8662832,200.4876,4878
15,2023-10-19T15:00:00+00:00,9.059572,3.689575,12.219982,37.39518,1.8262653,213.13599,4878
16,2023-10-19T16:00:00+00:00,9.084009,3.3451807,8.774979,35.893612,2.0154402,221.41275,4878
17,2023-10-19T17:00:00+00:00,9.95414,3.6002245,14.748373,29.652637,1.6116246,220.78421,4878
18,2023-10-19T18:00:00+00:00,10.16183,4.9156775,16.974815,23.329964,2.2209861,233.67563,4878
19,2023-10-19T19:00:00+00:00,12.529685,5.9381957,15.123089,18.778616,2.059096,225.7705,4878
20,2023-10-19T20:00:00+00:00,13.418378,6.7031293,15.141276,17.699236,1.4970282,222.12958,4878
21,2023-10-19T21:00:00+00:00,14.10393,7.916962,13.202226,23.265965,1.6189005,208.486,4878
22,2023-10-19T22:00:00+00:00,13.841529,7.8731813,12.707462,25.154814,0.9622454,207.76596,4878
23,2023-10-19T23:00:00+00:00,13.527827,6.776724,10.753918,25.767803,1.6007106,203.49884,4878
0,2023-10-20T00:00:00+00:00,12.953182,6.021813,9.869954,25.185728,1.1823431,201.12718,4878
1,2023-10-20T01:00:00+00:00,11.351463,5.413776,9.498855,24.218342,1.4451871,197.38672,4878
2,2023-10-20T02:00:00+00:00,12.0519085,6.86354,10.388248,22.908787,1.202352,196.24306,4878
3,2023-10-20T03:00:00+00:00,13.300468,7.920228,8.731149,22.505322,1.3060344,194.32806,4878
4,2023-10-20T04:00:00+00:00,14.058167,8.288866,10.792492,20.702307,1.5388651,213.83171,4878
5,2023-10-20T05:00:00+00:00,14.873776,8.946982,15.125144,16.045723,1.2696546,239.45348,4878
6,2023-10-20T06:00:00+00:00,15.2799425,9.9317,19.744453,9.554973,1.6170815,252.36653,4878
7,2023-10-20T07:00:00+00:00,14.290237,9.611792,18.062567,11.026934,1.5352271,249.87892,4878
8,2023-10-20T08:00:00+00:00,12.020032,7.6180263,17.173082,13.067168,1.4042598,244.42406,4878
9,2023-10-20T09:00:00+00:00,9.48803,5.515217,15.710649,14.256554,1.1641532,232.45047,4878
10,2023-10-20T10:00:00+00:00,9.022254,4.2928443,15.721531,16.076498,1.36788,270.5697,4878
11,2023-10-20T11:00:00+00:00,7.3637614,3.634479,16.691057,19.941023,1.8007995,278.49252,4878
12,2023-10-20T12:00:00+00:00,6.519479,3.1688905,20.138517,23.128355,1.6916602,247.8812,4878
13,2023-10-20T13:00:00+00:00,4.717,2.4569647,17.819418,37.2181,0.9313226,257.93143,4878
14,2023-10-20T14:00:00+00:00,5.8233256,3.787262,18.719961,45.170677,2.4429028,246.80185,4878
15,2023-10-20T15:00:00+00:00,11.292693,5.6534977,18.979439,35.764023,3.1322997,235.5518,4878
16,2023-10-20T16:00:00+00:00,10.683085,5.7172346,21.908112,33.190197,3.5306585,253.98993,4878
17,2023-10-20T17:00:00+00:00,12.574224,5.6838923,20.267282,32.79703,3.3414836,276.7805,4878
18,2023-10-20T18:00:00+00:00,15.04811,7.4520106,24.847395,30.738075,3.3323886,270.90695,4878
19,2023-10-20T19:00:00+00:00,16.969173,8.274383,24.068869,27.896917,2.721208,278.99753,4878
20,2023-10-20T20:00:00+00:00,18.104162,9.973269,20.438175,30.64402,3.2086973,295.46744,4878
21,2023-10-20T21:00:00+00:00,17.143938,8.470505,16.607397,34.070583,2.1427696,330.17017,4878
22,2023-10-20T22:00:00+00:00,16.03647,7.623415,15.115802,32.662178,3.4451659,334.08878,4878
23,2023-10-20T23:00:00+00:00,15.718948,6.984151,14.78839,30.828947,1.7098501,311.45166,4878
